ac;ac_sn;;;;;;;;;;;;;;;;;;;;;;
09-001;5241;;;;;;;;;;;;;;;;;;;;;;
13-001;33962;;;;;;;;;;;;;;;;;;;;;;
13-002;33963;;;;;;;;;;;;;;;;;;;;;;
13-003;33964;;;;;;;;;;;;;;;;;;;;;;
13-004;33965;;;;;;;;;;;;;;;;;;;;;;
2-AVRA;0115;;;;;;;;;;;;;;;;;;;;;;
2-AVRB;0180;;;;;;;;;;;;;;;;;;;;;;
2-AVRC;0270;;;;;;;;;;;;;;;;;;;;;;
2-AVRD;0331;;;;;;;;;;;;;;;;;;;;;;
2-GULF;1224;;;;;;;;;;;;;;;;;;;;;;
2-PAOK;834;;;;;;;;;;;;;;;;;;;;;;
2-RLAZ;0819;;;;;;;;;;;;;;;;;;;;;;
2-RLBA;0900;;;;;;;;;;;;;;;;;;;;;;
2-TSGC;34957;;;;;;;;;;;;;;;;;;;;;;
3943-OEIFJ;3943;;;;;;;;;;;;;;;;;;;;;;
4813;4813;;;;;;;;;;;;;;;;;;;;;;
4K-LAR;4119;;;;;;;;;;;;;;;;;;;;;;
4X-ABF;4354;;;;;;;;;;;;;;;;;;;;;;
4X-ABG;04413;;;;;;;;;;;;;;;;;;;;;;
4X-ABI;7110;;;;;;;;;;;;;;;;;;;;;;
4X-ABS;2728;;;;;;;;;;;;;;;;;;;;;;
4X-ABT;6200;;;;;;;;;;;;;;;;;;;;;;
5A-DMG;34948;;;;;;;;;;;;;;;;;;;;;;
5A-LAK;4526;;;;;;;;;;;;;;;;;;;;;;
5A-LAQ;5494;;;;;;;;;;;;;;;;;;;;;;
5A-LAR;1412;;;;;;;;;;;;;;;;;;;;;;
5A-ONL;4489;;;;;;;;;;;;;;;;;;;;;;
5A-ONO;5448;;;;;;;;;;;;;;;;;;;;;;
5A-ONR;1535;;;;;;;;;;;;;;;;;;;;;;
5A-OSA;345;;;;;;;;;;;;;;;;;;;;;;
5N-BOT;25713;;;;;;;;;;;;;;;;;;;;;;
5N-BOV;25716;;;;;;;;;;;;;;;;;;;;;;
5N-BOW;25718;;;;;;;;;;;;;;;;;;;;;;
5Y-KZX;42097;;;;;;;;;;;;;;;;;;;;;;
5Y-KZY;41819;;;;;;;;;;;;;;;;;;;;;;
5Y-KZZ;41818;;;;;;;;;;;;;;;;;;;;;;
84-007;550-0502;;;;;;;;;;;;;;;;;;;;;;
84-008;550-0503;;;;;;;;;;;;;;;;;;;;;;
91-003;1163;;;;;;;;;;;;;;;;;;;;;;
9265;A6-ATE;;;;;;;;;;;;;;;;;;;;;;
93-004;650-7024;;;;;;;;;;;;;;;;;;;;;;
93-005;650-7026;;;;;;;;;;;;;;;;;;;;;;
999;0;;;;;;;;;;;;;;;;;;;;;;
9H-CXA;42804;;;;;;;;;;;;;;;;;;;;;;
9H-CXB;42799;;;;;;;;;;;;;;;;;;;;;;
9H-CXC;39434;;;;;;;;;;;;;;;;;;;;;;
9H-CXD;38308;;;;;;;;;;;;;;;;;;;;;;
9H-CXE;38316;;;;;;;;;;;;;;;;;;;;;;
9H-CXF;40263;;;;;;;;;;;;;;;;;;;;;;
9H-CXG;37254;;;;;;;;;;;;;;;;;;;;;;
9H-CXH;60177;;;;;;;;;;;;;;;;;;;;;;
9H-FHA;4207;;;;;;;;;;;;;;;;;;;;;;
9H-FHB;3025;;;;;;;;;;;;;;;;;;;;;;
9H-FHY;3891;;;;;;;;;;;;;;;;;;;;;;
9H-FOX;185;;;;;;;;;;;;;;;;;;;;;;
9H-GKJ;7163;;;;;;;;;;;;;;;;;;;;;;
9H-GKK;6865;;;;;;;;;;;;;;;;;;;;;;
9H-GKL;1293;;;;;;;;;;;;;;;;;;;;;;
9H-MAX;60227;;;;;;;;;;;;;;;;;;;;;;
9H-SUN;367;;;;;;;;;;;;;;;;;;;;;;
9H-TJA;34409;;;;;;;;;;;;;;;;;;;;;;
9H-TJB;35093;;;;;;;;;;;;;;;;;;;;;;
9H-TJC;38012;;;;;;;;;;;;;;;;;;;;;;
9H-TJD;35077;;;;;;;;;;;;;;;;;;;;;;
9H-TJE;35106;;;;;;;;;;;;;;;;;;;;;;
9H-TJF;35082;;;;;;;;;;;;;;;;;;;;;;
9H-TJG;29120;;;;;;;;;;;;;;;;;;;;;;
9H-TJH;35646;;;;;;;;;;;;;;;;;;;;;;
9H-TQM;0117;;;;;;;;;;;;;;;;;;;;;;
9H-YES;25167;;;;;;;;;;;;;;;;;;;;;;
9K-ALE;4135;;;;;;;;;;;;;;;;;;;;;;
9K-ALF;4349;;;;;;;;;;;;;;;;;;;;;;
9K-ALG;4357;;;;;;;;;;;;;;;;;;;;;;
9K-AOH;62565 ;;;;;;;;;;;;;;;;;;;;;;
9K-APB;1643;;;;;;;;;;;;;;;;;;;;;;
9K-CAI;3919;;;;;;;;;;;;;;;;;;;;;;
9K-CAJ;3939;;;;;;;;;;;;;;;;;;;;;;
9K-CAK;4162;;;;;;;;;;;;;;;;;;;;;;
9K-CAL;5033;;;;;;;;;;;;;;;;;;;;;;
9K-CAM;5625;;;;;;;;;;;;;;;;;;;;;;
9K-CAN;5833;;;;;;;;;;;;;;;;;;;;;;
9K-CAO;6124;;;;;;;;;;;;;;;;;;;;;;
9K-CAP;4092;;;;;;;;;;;;;;;;;;;;;;
9K-CAQ;7936;;;;;;;;;;;;;;;;;;;;;;
9K-CAU;4376;;;;;;;;;;;;;;;;;;;;;;
9K-CBA;7936;;;;;;;;;;;;;;;;;;;;;;
9K-CBB;9002;;;;;;;;;;;;;;;;;;;;;;
9K-CBC;9149;;;;;;;;;;;;;;;;;;;;;;
9K-CBD;9174;;;;;;;;;;;;;;;;;;;;;;
9K-CBE;9528;;;;;;;;;;;;;;;;;;;;;;
9K-CBF;10201;;;;;;;;;;;;;;;;;;;;;;
9K-CBG;10366;;;;;;;;;;;;;;;;;;;;;;
9K-CBH;10488;;;;;;;;;;;;;;;;;;;;;;
9K-CBI;10516;;;;;;;;;;;;;;;;;;;;;;
9M-MUC;1164;;;;;;;;;;;;;;;;;;;;;;
9V-SVB;28525;;;;;;;;;;;;;;;;;;;;;;
A300-6GE;DUMMY;;;;;;;;;;;;;;;;;;;;;;
A300-6PW;DUMMY;;;;;;;;;;;;;;;;;;;;;;
A300-CF6;DUMMY;;;;;;;;;;;;;;;;;;;;;;
A310-CF6;DUMMY;;;;;;;;;;;;;;;;;;;;;;
A318-CFM;DUMMY;;;;;;;;;;;;;;;;;;;;;;
A319-CFM;DUMMY;;;;;;;;;;;;;;;;;;;;;;
A319-V25;DUMMY;;;;;;;;;;;;;;;;;;;;;;
A320-CFM;DUMMY;;;;;;;;;;;;;;;;;;;;;;
A320-NEO;DUMMY;;;;;;;;;;;;;;;;;;;;;;
A320-PW;DUMMY;;;;;;;;;;;;;;;;;;;;;;
A320-V25;DUMMY;;;;;;;;;;;;;;;;;;;;;;
A321-CFM;DUMMY;;;;;;;;;;;;;;;;;;;;;;
A321NEO-PW;DUMMY;;;;;;;;;;;;;;;;;;;;;;
A321-V25;DUMMY;;;;;;;;;;;;;;;;;;;;;;
A330-CF6;DUMMY;;;;;;;;;;;;;;;;;;;;;;
A330-PW;DUMMY;;;;;;;;;;;;;;;;;;;;;;
A330-TRENT;DUMMY;;;;;;;;;;;;;;;;;;;;;;
A340-CFM;DUMMY;;;;;;;;;;;;;;;;;;;;;;
A350-XWB;DUMMY;;;;;;;;;;;;;;;;;;;;;;
A4O-BAA;60391;;;;;;;;;;;;;;;;;;;;;;
A4O-BAB;60392;;;;;;;;;;;;;;;;;;;;;;
A4O-BAC;60393;;;;;;;;;;;;;;;;;;;;;;
A4O-BAE;60394;;;;;;;;;;;;;;;;;;;;;;
A4O-BAF;41350;;;;;;;;;;;;;;;;;;;;;;
A4O-BAG;41351;;;;;;;;;;;;;;;;;;;;;;
A4O-BAH;41354;;;;;;;;;;;;;;;;;;;;;;
A4O-BH;40066;;;;;;;;;;;;;;;;;;;;;;
A4O-BI;40069;;;;;;;;;;;;;;;;;;;;;;
A4O-BK;40070;;;;;;;;;;;;;;;;;;;;;;
A4O-BL;40067;;;;;;;;;;;;;;;;;;;;;;
A4O-BM;29682;;;;;;;;;;;;;;;;;;;;;;
A4O-BQ;44421;;;;;;;;;;;;;;;;;;;;;;
A4O-BT;40071;;;;;;;;;;;;;;;;;;;;;;
A4O-BU;35108;;;;;;;;;;;;;;;;;;;;;;
A4O-BV;40068;;;;;;;;;;;;;;;;;;;;;;
A4O-BW;44422;;;;;;;;;;;;;;;;;;;;;;
A4O-BX;44423;;;;;;;;;;;;;;;;;;;;;;
A4O-BY;44424;;;;;;;;;;;;;;;;;;;;;;
A4O-BZ;44425;;;;;;;;;;;;;;;;;;;;;;
A4O-DF;1120;;;;;;;;;;;;;;;;;;;;;;
A4O-DG;1227;;;;;;;;;;;;;;;;;;;;;;
A4O-DH;1572;;;;;;;;;;;;;;;;;;;;;;
A4O-DI;1582;;;;;;;;;;;;;;;;;;;;;;
A4O-DJ;1599;;;;;;;;;;;;;;;;;;;;;;
A4O-MA;43294;;;;;;;;;;;;;;;;;;;;;;
A4O-MB;43295;;;;;;;;;;;;;;;;;;;;;;
A4O-MC;43298;;;;;;;;;;;;;;;;;;;;;;
A4O-MD;43328;;;;;;;;;;;;;;;;;;;;;;
A4O-ME;43794;;;;;;;;;;;;;;;;;;;;;;
A4O-MF;63358;;;;;;;;;;;;;;;;;;;;;;
A4O-MG;43299;;;;;;;;;;;;;;;;;;;;;;
A4O-MI;63359;;;;;;;;;;;;;;;;;;;;;;
A4O-MJ;43304;;;;;;;;;;;;;;;;;;;;;;
A4O-MK;43305;;;;;;;;;;;;;;;;;;;;;;
A4O-ML;63360;;;;;;;;;;;;;;;;;;;;;;
A6-ABM;3246;;;;;;;;;;;;;;;;;;;;;;
A6-ABP;3802;;;;;;;;;;;;;;;;;;;;;;
A6-ABQ;3840;;;;;;;;;;;;;;;;;;;;;;
A6-ABR;3925;;;;;;;;;;;;;;;;;;;;;;
A6-ABS;4061;;;;;;;;;;;;;;;;;;;;;;
A6-ABT;4243;;;;;;;;;;;;;;;;;;;;;;
A6-ABU;4310;;;;;;;;;;;;;;;;;;;;;;
A6-AIN;29268;;;;;;;;;;;;;;;;;;;;;;
A6-ANA;4468;;;;;;;;;;;;;;;;;;;;;;
A6-ANB;4524;;;;;;;;;;;;;;;;;;;;;;
A6-ANC;4539;;;;;;;;;;;;;;;;;;;;;;
A6-ANI;5017;;;;;;;;;;;;;;;;;;;;;;
A6-ANL;5276;;;;;;;;;;;;;;;;;;;;;;
A6-ANM;5307;;;;;;;;;;;;;;;;;;;;;;
A6-ANN;5423;;;;;;;;;;;;;;;;;;;;;;
A6-ANO;5452;;;;;;;;;;;;;;;;;;;;;;
A6-ANP;5502;;;;;;;;;;;;;;;;;;;;;;
A6-ANQ;5576;;;;;;;;;;;;;;;;;;;;;;
A6-ANR;5718;;;;;;;;;;;;;;;;;;;;;;
A6-ANS;5772;;;;;;;;;;;;;;;;;;;;;;
A6-ANT;8861;;;;;;;;;;;;;;;;;;;;;;
A6-ANU;5903;;;;;;;;;;;;;;;;;;;;;;
A6-ANV;5984;;;;;;;;;;;;;;;;;;;;;;
A6-ANW;6000;;;;;;;;;;;;;;;;;;;;;;
A6-ANX;6054;;;;;;;;;;;;;;;;;;;;;;
A6-ANY;6080;;;;;;;;;;;;;;;;;;;;;;
A6-ANZ;6166;;;;;;;;;;;;;;;;;;;;;;
A6-AOA;6176;;;;;;;;;;;;;;;;;;;;;;
A6-AOB;6234;;;;;;;;;;;;;;;;;;;;;;
A6-AOC;6293;;;;;;;;;;;;;;;;;;;;;;
A6-AOD;6365;;;;;;;;;;;;;;;;;;;;;;
A6-AOE;6430;;;;;;;;;;;;;;;;;;;;;;
A6-AOF;6444;;;;;;;;;;;;;;;;;;;;;;
A6-AOH;6481;;;;;;;;;;;;;;;;;;;;;;
A6-AOI;6553;;;;;;;;;;;;;;;;;;;;;;
A6-AOJ;6665;;;;;;;;;;;;;;;;;;;;;;
A6-AOK;6737;;;;;;;;;;;;;;;;;;;;;;
A6-AOM;7096;;;;;;;;;;;;;;;;;;;;;;
A6-AON;7225;;;;;;;;;;;;;;;;;;;;;;
A6-AOO;7226;;;;;;;;;;;;;;;;;;;;;;
A6-AOP;7315;;;;;;;;;;;;;;;;;;;;;;
A6-AOQ;7425;;;;;;;;;;;;;;;;;;;;;;
A6-AOR;7614;;;;;;;;;;;;;;;;;;;;;;
A6-AOS;7767;;;;;;;;;;;;;;;;;;;;;;
A6-AOT;7797;;;;;;;;;;;;;;;;;;;;;;
A6-AOU;7886;;;;;;;;;;;;;;;;;;;;;;
A6-AOV;8149;;;;;;;;;;;;;;;;;;;;;;
A6-AOW;8211;;;;;;;;;;;;;;;;;;;;;;
A6-AOX;8343;;;;;;;;;;;;;;;;;;;;;;
A6-AOY;6962;;;;;;;;;;;;;;;;;;;;;;
A6-AOZ;8942;;;;;;;;;;;;;;;;;;;;;;
A6-AQA;8798;;;;;;;;;;;;;;;;;;;;;;
A6-AQB;8748;;;;;;;;;;;;;;;;;;;;;;
A6-ATA;8714;;;;;;;;;;;;;;;;;;;;;;
A6-ATB;8861;;;;;;;;;;;;;;;;;;;;;;
A6-ATC;8897;;;;;;;;;;;;;;;;;;;;;;
A6-ATD;9255;;;;;;;;;;;;;;;;;;;;;;
A6-ATE;9265;;;;;;;;;;;;;;;;;;;;;;
A6-ATF;10181;;;;;;;;;;;;;;;;;;;;;;
A6-ATG;7833;;;;;;;;;;;;;;;;;;;;;;
A6-ATH;7879;;;;;;;;;;;;;;;;;;;;;;
A6-AUA;5017;;;;;;;;;;;;;;;;;;;;;;
A6-AUB;5423;;;;;;;;;;;;;;;;;;;;;;
A6-AUC;6309;;;;;;;;;;;;;;;;;;;;;;
A6-AUD;6372;;;;;;;;;;;;;;;;;;;;;;
A6-AUE;6054;;;;;;;;;;;;;;;;;;;;;;
A6-AUF;6000;;;;;;;;;;;;;;;;;;;;;;
A6-AUG;6166;;;;;;;;;;;;;;;;;;;;;;
A6-AUI;6962;;;;;;;;;;;;;;;;;;;;;;
A6-DFR;30884;;;;;;;;;;;;;;;;;;;;;;
A6-FDZ;40253;;;;;;;;;;;;;;;;;;;;;;
A6-FEA;40254;;;;;;;;;;;;;;;;;;;;;;
A6-FEB;40255;;;;;;;;;;;;;;;;;;;;;;
A6-FEC;40256;;;;;;;;;;;;;;;;;;;;;;
A6-FED;40257;;;;;;;;;;;;;;;;;;;;;;
A6-FEE;40258;;;;;;;;;;;;;;;;;;;;;;
A6-FEF;40259;;;;;;;;;;;;;;;;;;;;;;
A6-FEG;40281;;;;;;;;;;;;;;;;;;;;;;
A6-FEH;40260;;;;;;;;;;;;;;;;;;;;;;
A6-FEI;40261;;;;;;;;;;;;;;;;;;;;;;
A6-FEJ;40262;;;;;;;;;;;;;;;;;;;;;;
A6-FEK;40282;;;;;;;;;;;;;;;;;;;;;;
A6-FEL;40263;;;;;;;;;;;;;;;;;;;;;;
A6-FEM;40264;;;;;;;;;;;;;;;;;;;;;;
A6-FEN;40265;;;;;;;;;;;;;;;;;;;;;;
A6-FEO;40266;;;;;;;;;;;;;;;;;;;;;;
A6-FEP;40269;;;;;;;;;;;;;;;;;;;;;;
A6-FEQ;40267;;;;;;;;;;;;;;;;;;;;;;
A6-FER;40268;;;;;;;;;;;;;;;;;;;;;;
A6-FES;40270;;;;;;;;;;;;;;;;;;;;;;
A6-FET;40271;;;;;;;;;;;;;;;;;;;;;;
A6-FEU;40273;;;;;;;;;;;;;;;;;;;;;;
A6-FEV;40275;;;;;;;;;;;;;;;;;;;;;;
A6-FEW;40276;;;;;;;;;;;;;;;;;;;;;;
A6-FEX;40278;;;;;;;;;;;;;;;;;;;;;;
A6-FEY;40274;;;;;;;;;;;;;;;;;;;;;;
A6-FEZ;40272;;;;;;;;;;;;;;;;;;;;;;
A6-FGA;60954;;;;;;;;;;;;;;;;;;;;;;
A6-FGB;60955;;;;;;;;;;;;;;;;;;;;;;
A6-FGC;60956;;;;;;;;;;;;;;;;;;;;;;
A6-FGD;60957;;;;;;;;;;;;;;;;;;;;;;
A6-FGE;60958;;;;;;;;;;;;;;;;;;;;;;
A6-FGF;60959;;;;;;;;;;;;;;;;;;;;;;
A6-FGG;60960;;;;;;;;;;;;;;;;;;;;;;
A6-FGH;60961;;;;;;;;;;;;;;;;;;;;;;
A6-FGI;60962;;;;;;;;;;;;;;;;;;;;;;
A6-FGJ;60963;;;;;;;;;;;;;;;;;;;;;;
A6-FLH;4155;;;;;;;;;;;;;;;;;;;;;;
A6-RJX;29865;;;;;;;;;;;;;;;;;;;;;;
A6-RJY;29857;;;;;;;;;;;;;;;;;;;;;;
A6-RJZ;29269;;;;;;;;;;;;;;;;;;;;;;
A9C-AP;5171;;;;;;;;;;;;;;;;;;;;;;
A9C-AQ;5175;;;;;;;;;;;;;;;;;;;;;;
AP-BJR;25164;;;;;;;;;;;;;;;;;;;;;;
AP-BMI;0811;;;;;;;;;;;;;;;;;;;;;;
AP-BMJ;0819;;;;;;;;;;;;;;;;;;;;;;
AP-BMK;0834;;;;;;;;;;;;;;;;;;;;;;
AP-BML;0900;;;;;;;;;;;;;;;;;;;;;;
AP-BMM;5966;;;;;;;;;;;;;;;;;;;;;;
AP-BMN;6016;;;;;;;;;;;;;;;;;;;;;;
AP-BMO;6067;;;;;;;;;;;;;;;;;;;;;;
AP-BMP;6119;;;;;;;;;;;;;;;;;;;;;;
AP-BMW;7171;;;;;;;;;;;;;;;;;;;;;;
AP-BMX;4392;;;;;;;;;;;;;;;;;;;;;;
AP-BNC;34959;;;;;;;;;;;;;;;;;;;;;;
AP-BND;34958;;;;;;;;;;;;;;;;;;;;;;
AP-BNF;819;;;;;;;;;;;;;;;;;;;;;;
AP-BNI;2404;;;;;;;;;;;;;;;;;;;;;;
AP-BNJ;2414;;;;;;;;;;;;;;;;;;;;;;
AP-BNK;2452;;;;;;;;;;;;;;;;;;;;;;
AP-BNL;2631;;;;;;;;;;;;;;;;;;;;;;
AP-BNM;2655;;;;;;;;;;;;;;;;;;;;;;
AP-BNN;2738;;;;;;;;;;;;;;;;;;;;;;
AP-BNO;2739;;;;;;;;;;;;;;;;;;;;;;
AP-BNU;4393;;;;;;;;;;;;;;;;;;;;;;
AP-BNV;4394;;;;;;;;;;;;;;;;;;;;;;
AP-BOA;2257;;;;;;;;;;;;;;;;;;;;;;
AP-BOB;3510;;;;;;;;;;;;;;;;;;;;;;
AP-BOC;3538;;;;;;;;;;;;;;;;;;;;;;
AP-BOR;4961;;;;;;;;;;;;;;;;;;;;;;
AP-BOS;5472;;;;;;;;;;;;;;;;;;;;;;
AP-EDA;3974;;;;;;;;;;;;;;;;;;;;;;
AP-EDD;1467;;;;;;;;;;;;;;;;;;;;;;
AP-EDG;5891;;;;;;;;;;;;;;;;;;;;;;
AW21;33962;;;;;;;;;;;;;;;;;;;;;;
AW22;33963;;;;;;;;;;;;;;;;;;;;;;
AW23;33964;;;;;;;;;;;;;;;;;;;;;;
AW24;33965;;;;;;;;;;;;;;;;;;;;;;
B727-PW;DUMMY;;;;;;;;;;;;;;;;;;;;;;
B737-3CFM;DUMMY;;;;;;;;;;;;;;;;;;;;;;
B737-4CFM;DUMMY;;;;;;;;;;;;;;;;;;;;;;
B737-5CFM;DUMMY;;;;;;;;;;;;;;;;;;;;;;
B737-6CFM;DUMMY;;;;;;;;;;;;;;;;;;;;;;
B737-7CFM;DUMMY;;;;;;;;;;;;;;;;;;;;;;
B737-8CFM;DUMMY;;;;;;;;;;;;;;;;;;;;;;
B737-8M-L1;DUMMY;;;;;;;;;;;;;;;;;;;;;;
B737-9CFM;DUMMY;;;;;;;;;;;;;;;;;;;;;;
B737-9M-L1;DUMMY;;;;;;;;;;;;;;;;;;;;;;
B747-8GE;DUMMY;;;;;;;;;;;;;;;;;;;;;;
B757-PW;DUMMY;;;;;;;;;;;;;;;;;;;;;;
B757-RR;DUMMY;;;;;;;;;;;;;;;;;;;;;;
B767-GE;DUMMY;;;;;;;;;;;;;;;;;;;;;;
B767-PW;DUMMY;;;;;;;;;;;;;;;;;;;;;;
B767-RR;DUMMY;;;;;;;;;;;;;;;;;;;;;;
B777-F-GE;DUMMY;;;;;;;;;;;;;;;;;;;;;;
B777-GE;DUMMY;;;;;;;;;;;;;;;;;;;;;;
B777-PW4;DUMMY;;;;;;;;;;;;;;;;;;;;;;
B777-TR;DUMMY;;;;;;;;;;;;;;;;;;;;;;
B787-9-GE;DUMMY;;;;;;;;;;;;;;;;;;;;;;
BFE;BFE;;;;;;;;;;;;;;;;;;;;;;
C172-LY;DUMMY;;;;;;;;;;;;;;;;;;;;;;
C510-PWC;DUMMY;;;;;;;;;;;;;;;;;;;;;;
C560-PWC;DUMMY;;;;;;;;;;;;;;;;;;;;;;
C850-CF34;DUMMY;;;;;;;;;;;;;;;;;;;;;;
C-GVVQ;5946;;;;;;;;;;;;;;;;;;;;;;
CL-2B16;DUMMY;;;;;;;;;;;;;;;;;;;;;;
CN-NMF;4539;;;;;;;;;;;;;;;;;;;;;;
CN-NMG;4568;;;;;;;;;;;;;;;;;;;;;;
CN-NMH;5143;;;;;;;;;;;;;;;;;;;;;;
CN-NMI;5206;;;;;;;;;;;;;;;;;;;;;;
CN-NMJ;6896;;;;;;;;;;;;;;;;;;;;;;
CN-NMK;4806;;;;;;;;;;;;;;;;;;;;;;
CN-NML;4848;;;;;;;;;;;;;;;;;;;;;;
CN-NMM;7096;;;;;;;;;;;;;;;;;;;;;;
CN-NMN;6365;;;;;;;;;;;;;;;;;;;;;;
CN-NMO;6942;;;;;;;;;;;;;;;;;;;;;;
CN-NMP;5903;;;;;;;;;;;;;;;;;;;;;;
CN-NMQ;5984;;;;;;;;;;;;;;;;;;;;;;
CN-NMR;6176;;;;;;;;;;;;;;;;;;;;;;
CN-RGT;35509;;;;;;;;;;;;;;;;;;;;;;
CN-RNS;30115;;;;;;;;;;;;;;;;;;;;;;
CN-RNT;30843;;;;;;;;;;;;;;;;;;;;;;
CN-ROV;27686;;;;;;;;;;;;;;;;;;;;;;
CN-ROW;30008;;;;;;;;;;;;;;;;;;;;;;
CS1;0;;;;;;;;;;;;;;;;;;;;;;
CS2;0;;;;;;;;;;;;;;;;;;;;;;
CS-TKT;30853;;;;;;;;;;;;;;;;;;;;;;
CS-TQP;211;;;;;;;;;;;;;;;;;;;;;;
CS-TQZ;202;;;;;;;;;;;;;;;;;;;;;;
DA40-AE;DUMMY;;;;;;;;;;;;;;;;;;;;;;
DA42-AE;DUMMY;;;;;;;;;;;;;;;;;;;;;;
DA42-TAE;DUMMY;;;;;;;;;;;;;;;;;;;;;;
D-ABUC;26992;;;;;;;;;;;;;;;;;;;;;;
D-ADAA;40776;;;;;;;;;;;;;;;;;;;;;;
D-ADAB;40777;;;;;;;;;;;;;;;;;;;;;;
D-ADCL;5435;;;;;;;;;;;;;;;;;;;;;;
D-ALAA;874;;;;;;;;;;;;;;;;;;;;;;
D-ALAB;939;;;;;;;;;;;;;;;;;;;;;;
D-ASXA;28178;;;;;;;;;;;;;;;;;;;;;;
D-ASXB;30420;;;;;;;;;;;;;;;;;;;;;;
D-ASXC;30806;;;;;;;;;;;;;;;;;;;;;;
D-ASXD;33562;;;;;;;;;;;;;;;;;;;;;;
D-ASXE;32365;;;;;;;;;;;;;;;;;;;;;;
D-ASXF;33558;;;;;;;;;;;;;;;;;;;;;;
D-ASXG;32366;;;;;;;;;;;;;;;;;;;;;;
D-ASXH;32368;;;;;;;;;;;;;;;;;;;;;;
D-ASXI;32367;;;;;;;;;;;;;;;;;;;;;;
D-ASXJ;30807;;;;;;;;;;;;;;;;;;;;;;
D-ASXK;28070;;;;;;;;;;;;;;;;;;;;;;
D-ASXO;29649;;;;;;;;;;;;;;;;;;;;;;
D-ASXP;29684;;;;;;;;;;;;;;;;;;;;;;
D-ASXQ;30826;;;;;;;;;;;;;;;;;;;;;;
D-ASXR;30827;;;;;;;;;;;;;;;;;;;;;;
D-ASXS;33563;;;;;;;;;;;;;;;;;;;;;;
D-ASXU;29671;;;;;;;;;;;;;;;;;;;;;;
D-ASXV;30272;;;;;;;;;;;;;;;;;;;;;;
D-ASXW;36530;;;;;;;;;;;;;;;;;;;;;;
D-ASXX;34984;;;;;;;;;;;;;;;;;;;;;;
D-ASXY;34985;;;;;;;;;;;;;;;;;;;;;;
D-ASXZ;39093;;;;;;;;;;;;;;;;;;;;;;
EC-ISI;2123;;;;;;;;;;;;;;;;;;;;;;
EC-MBK;2658;;;;;;;;;;;;;;;;;;;;;;
EC-MNK;1755;;;;;;;;;;;;;;;;;;;;;;
EC-MTB;1684;;;;;;;;;;;;;;;;;;;;;;
EC-MTC;2258;;;;;;;;;;;;;;;;;;;;;;
EC-MTD;2318;;;;;;;;;;;;;;;;;;;;;;
EC-MTE;2332;;;;;;;;;;;;;;;;;;;;;;
EC-MTF;2382;;;;;;;;;;;;;;;;;;;;;;
EC-MTL;2053;;;;;;;;;;;;;;;;;;;;;;
EC-MTM;2062;;;;;;;;;;;;;;;;;;;;;;
EC-MTN;2113;;;;;;;;;;;;;;;;;;;;;;
EC-MUC;2122;;;;;;;;;;;;;;;;;;;;;;
EC-MUT;2240;;;;;;;;;;;;;;;;;;;;;;
EC-MUU;2253;;;;;;;;;;;;;;;;;;;;;;
EC-MUX;2037;;;;;;;;;;;;;;;;;;;;;;
EC-MUY;2050;;;;;;;;;;;;;;;;;;;;;;
EC-NBC;1884;;;;;;;;;;;;;;;;;;;;;;
EC-NBD;1901;;;;;;;;;;;;;;;;;;;;;;
EC-NCB;2043;;;;;;;;;;;;;;;;;;;;;;
EC-NDG;3364;;;;;;;;;;;;;;;;;;;;;;
EC-NDH;3403;;;;;;;;;;;;;;;;;;;;;;
EC-NGL;2879;;;;;;;;;;;;;;;;;;;;;;
EC-NHP;2870;;;;;;;;;;;;;;;;;;;;;;
EC-NNY;3786;;;;;;;;;;;;;;;;;;;;;;
EC-NNZ;2616;;;;;;;;;;;;;;;;;;;;;;
EC-NOL;2740;;;;;;;;;;;;;;;;;;;;;;
EC-NOM;3511;;;;;;;;;;;;;;;;;;;;;;
EC-NON;3576;;;;;;;;;;;;;;;;;;;;;;
EC-NOP;3597;;;;;;;;;;;;;;;;;;;;;;
EC-NOQ;3765;;;;;;;;;;;;;;;;;;;;;;
EC-NOR;3963;;;;;;;;;;;;;;;;;;;;;;
EC-NOS;4035;;;;;;;;;;;;;;;;;;;;;;
EC-NOY;2633;;;;;;;;;;;;;;;;;;;;;;
EC-NPB;3949;;;;;;;;;;;;;;;;;;;;;;
EC-NPC;3931;;;;;;;;;;;;;;;;;;;;;;
EC-NQM;4589;;;;;;;;;;;;;;;;;;;;;;
EC-NQN;4675;;;;;;;;;;;;;;;;;;;;;;
EC-NTL;3846;;;;;;;;;;;;;;;;;;;;;;
EC-NTM;3906;;;;;;;;;;;;;;;;;;;;;;
EC-NTU;5950;;;;;;;;;;;;;;;;;;;;;;
EC-NUO;5232;;;;;;;;;;;;;;;;;;;;;;
EC-NUP;5304;;;;;;;;;;;;;;;;;;;;;;
EI-DHS;33580;;;;;;;;;;;;;;;;;;;;;;
EI-DHZ;33583;;;;;;;;;;;;;;;;;;;;;;
EI-DLG;33589;;;;;;;;;;;;;;;;;;;;;;
EI-DLJ;34177;;;;;;;;;;;;;;;;;;;;;;
EI-DLY;33601;;;;;;;;;;;;;;;;;;;;;;
EI-EFK;37537;;;;;;;;;;;;;;;;;;;;;;
EI-ENI;40300;;;;;;;;;;;;;;;;;;;;;;
EI-ENJ;40301;;;;;;;;;;;;;;;;;;;;;;
EI-ENM;35038 ;;;;;;;;;;;;;;;;;;;;;;
EI-ENP;40304;;;;;;;;;;;;;;;;;;;;;;
EI-ENY;35042;;;;;;;;;;;;;;;;;;;;;;
EI-EPB;34986;;;;;;;;;;;;;;;;;;;;;;
EI-EVY;40319;;;;;;;;;;;;;;;;;;;;;;
EI-EVZ;40316;;;;;;;;;;;;;;;;;;;;;;
EI-FLC;632;;;;;;;;;;;;;;;;;;;;;;
EI-FSE;293;;;;;;;;;;;;;;;;;;;;;;
EI-GCZ;0739;;;;;;;;;;;;;;;;;;;;;;
EI-GGF;34409;;;;;;;;;;;;;;;;;;;;;;
EI-GHY;02934;;;;;;;;;;;;;;;;;;;;;;
EI-KBA;5401;;;;;;;;;;;;;;;;;;;;;;
EI-KBB;5613;;;;;;;;;;;;;;;;;;;;;;
EI-KBC;5734;;;;;;;;;;;;;;;;;;;;;;
EI-KBD;5870;;;;;;;;;;;;;;;;;;;;;;
EI-KBE;5968;;;;;;;;;;;;;;;;;;;;;;
EI-KBF;06037;;;;;;;;;;;;;;;;;;;;;;
EI-KBG;06029;;;;;;;;;;;;;;;;;;;;;;
EI-KBH;7124;;;;;;;;;;;;;;;;;;;;;;
EI-KBI;8483;;;;;;;;;;;;;;;;;;;;;;
EI-KBJ;8860;;;;;;;;;;;;;;;;;;;;;;
EI-KBK;9459;;;;;;;;;;;;;;;;;;;;;;
EI-KBL;9574;;;;;;;;;;;;;;;;;;;;;;
EI-KBN;6343;;;;;;;;;;;;;;;;;;;;;;
EI-KBO;06311;;;;;;;;;;;;;;;;;;;;;;
EI-KBP;11120;;;;;;;;;;;;;;;;;;;;;;
EI-KDA;5357;;;;;;;;;;;;;;;;;;;;;;
EI-KDB;5404;;;;;;;;;;;;;;;;;;;;;;
EI-KDC;7567;;;;;;;;;;;;;;;;;;;;;;
EI-KDD;7634;;;;;;;;;;;;;;;;;;;;;;
EI-KDE;8090;;;;;;;;;;;;;;;;;;;;;;
EI-KDF;8277;;;;;;;;;;;;;;;;;;;;;;
EI-KEC;42223;;;;;;;;;;;;;;;;;;;;;;
EI-KGA;8837;;;;;;;;;;;;;;;;;;;;;;
EI-KGB;08980;;;;;;;;;;;;;;;;;;;;;;
EI-KGC;9080;;;;;;;;;;;;;;;;;;;;;;
EI-KGD;9432;;;;;;;;;;;;;;;;;;;;;;
EI-KGE;10176;;;;;;;;;;;;;;;;;;;;;;
EI-KGF;10427;;;;;;;;;;;;;;;;;;;;;;
EI-KGG;10421;;;;;;;;;;;;;;;;;;;;;;
EI-KGH;10534;;;;;;;;;;;;;;;;;;;;;;
EI-KGJ;10916;;;;;;;;;;;;;;;;;;;;;;
EI-OZM;722;;;;;;;;;;;;;;;;;;;;;;
EI-VAS;03141;;;;;;;;;;;;;;;;;;;;;;
EK-YRA;6782;;;;;;;;;;;;;;;;;;;;;;
EK-YRB;3246;;;;;;;;;;;;;;;;;;;;;;
ER-AXP;00741;;;;;;;;;;;;;;;;;;;;;;
ES-SAY;2689;;;;;;;;;;;;;;;;;;;;;;
ET3;0;;;;;;;;;;;;;;;;;;;;;;
EX-37402;29107;;;;;;;;;;;;;;;;;;;;;;
EX-37801;35701;;;;;;;;;;;;;;;;;;;;;;
EX-37802;35699;;;;;;;;;;;;;;;;;;;;;;
EY-545;24326;;;;;;;;;;;;;;;;;;;;;;
EY-777;34960;;;;;;;;;;;;;;;;;;;;;;
EY-787;34955;;;;;;;;;;;;;;;;;;;;;;
EZ-A004;36088;;;;;;;;;;;;;;;;;;;;;;
EZ-A005;36089;;;;;;;;;;;;;;;;;;;;;;
EZ-A017;43863;;;;;;;;;;;;;;;;;;;;;;
EZ-A018;61573;;;;;;;;;;;;;;;;;;;;;;
EZ-A778;42296;;;;;;;;;;;;;;;;;;;;;;
EZ-A779;42297;;;;;;;;;;;;;;;;;;;;;;
F-GOTO;1021;;;;;;;;;;;;;;;;;;;;;;
F-GRSQ;501;;;;;;;;;;;;;;;;;;;;;;
F-HTVO;34898;;;;;;;;;;;;;;;;;;;;;;
F-HTVQ;39068;;;;;;;;;;;;;;;;;;;;;;
F-HXLF;1360;;;;;;;;;;;;;;;;;;;;;;
F-HXXL;597;;;;;;;;;;;;;;;;;;;;;;
F-OFDF;253;;;;;;;;;;;;;;;;;;;;;;
F-WTAG;0635;;;;;;;;;;;;;;;;;;;;;;
G450-TAY;DUMMY;;;;;;;;;;;;;;;;;;;;;;
G-EUUN;1910;;;;;;;;;;;;;;;;;;;;;;
G-EUYF;4185;;;;;;;;;;;;;;;;;;;;;;
GIV-TAY;DUMMY;;;;;;;;;;;;;;;;;;;;;;
GSS-HIK;0;;;;;;;;;;;;;;;;;;;;;;
GV-BR710;DUMMY;;;;;;;;;;;;;;;;;;;;;;
GVII(500);DUMMY;;;;;;;;;;;;;;;;;;;;;;
HL7792;1001;;;;;;;;;;;;;;;;;;;;;;
HS-LAH;1820;;;;;;;;;;;;;;;;;;;;;;
HS-LAI;1828;;;;;;;;;;;;;;;;;;;;;;
HS-LAJ;1832;;;;;;;;;;;;;;;;;;;;;;
HZ-AK14;41051;;;;;;;;;;;;;;;;;;;;;;
HZ-AK30;42268;;;;;;;;;;;;;;;;;;;;;;
HZ-AK31;61595;;;;;;;;;;;;;;;;;;;;;;
HZ-AK32;61591;;;;;;;;;;;;;;;;;;;;;;
HZ-AK34;61596;;;;;;;;;;;;;;;;;;;;;;
HZ-AKQ;28360;;;;;;;;;;;;;;;;;;;;;;
HZ-AKR;28361;;;;;;;;;;;;;;;;;;;;;;
HZ-AKT;28363;;;;;;;;;;;;;;;;;;;;;;
HZ-AKU;28364;;;;;;;;;;;;;;;;;;;;;;
HZ-AKW;28366;;;;;;;;;;;;;;;;;;;;;;
HZ-AQ11;1724;;;;;;;;;;;;;;;;;;;;;;
HZ-AQ13;1729;;;;;;;;;;;;;;;;;;;;;;
HZ-AQ14;1731;;;;;;;;;;;;;;;;;;;;;;
HZ-AQ20;1764;;;;;;;;;;;;;;;;;;;;;;
HZ-AQ21;1766;;;;;;;;;;;;;;;;;;;;;;
HZ-AQ22;1770;;;;;;;;;;;;;;;;;;;;;;
HZ-AQ23;1774;;;;;;;;;;;;;;;;;;;;;;
HZ-AQ29;1812;;;;;;;;;;;;;;;;;;;;;;
HZ-AQ30;1834;;;;;;;;;;;;;;;;;;;;;;
HZ-AQC;1137;;;;;;;;;;;;;;;;;;;;;;
HZ-AQE;1147;;;;;;;;;;;;;;;;;;;;;;
HZ-AQF;1153;;;;;;;;;;;;;;;;;;;;;;
HZ-AQH;1189;;;;;;;;;;;;;;;;;;;;;;
HZ-AS13;4104;;;;;;;;;;;;;;;;;;;;;;
HZ-AS14;4115;;;;;;;;;;;;;;;;;;;;;;
HZ-AS15;4122;;;;;;;;;;;;;;;;;;;;;;
HZ-AS17;4349;;;;;;;;;;;;;;;;;;;;;;
HZ-AS18;4357;;;;;;;;;;;;;;;;;;;;;;
HZ-AS19;4376;;;;;;;;;;;;;;;;;;;;;;
HZ-AS20;4392;;;;;;;;;;;;;;;;;;;;;;
HZ-AS21;4414;;;;;;;;;;;;;;;;;;;;;;
HZ-AS22;4484;;;;;;;;;;;;;;;;;;;;;;
HZ-AS23;4519;;;;;;;;;;;;;;;;;;;;;;
HZ-AS32;4273;;;;;;;;;;;;;;;;;;;;;;
HZ-AS52;7432;;;;;;;;;;;;;;;;;;;;;;
HZ-AS53;7444;;;;;;;;;;;;;;;;;;;;;;
HZ-AS55;7550;;;;;;;;;;;;;;;;;;;;;;
HZ-AS56;7608;;;;;;;;;;;;;;;;;;;;;;
HZ-ASJ;4577;;;;;;;;;;;;;;;;;;;;;;
HZ-ASK;4590;;;;;;;;;;;;;;;;;;;;;;
HZ-FAA;7829;;;;;;;;;;;;;;;;;;;;;;
HZ-FAB;7867;;;;;;;;;;;;;;;;;;;;;;
HZ-FAE;8013;;;;;;;;;;;;;;;;;;;;;;
HZ-NS22;8443;;;;;;;;;;;;;;;;;;;;;;
HZ-NS23;8756;;;;;;;;;;;;;;;;;;;;;;
HZ-NS24;9040;;;;;;;;;;;;;;;;;;;;;;
HZ-NS25;9163;;;;;;;;;;;;;;;;;;;;;;
HZ-NS26;9225;;;;;;;;;;;;;;;;;;;;;;
HZ-NS27;9531;;;;;;;;;;;;;;;;;;;;;;
HZ-NS28;9428;;;;;;;;;;;;;;;;;;;;;;
HZ-NS29;9522;;;;;;;;;;;;;;;;;;;;;;
HZ-NS32;10179;;;;;;;;;;;;;;;;;;;;;;
HZ-NS33;10097;;;;;;;;;;;;;;;;;;;;;;
HZ-NS34;10350;;;;;;;;;;;;;;;;;;;;;;
HZ-NS35;10431;;;;;;;;;;;;;;;;;;;;;;
HZ-NS36;10436;;;;;;;;;;;;;;;;;;;;;;
HZ-NS37;10478;;;;;;;;;;;;;;;;;;;;;;
HZ-NS38;10243;;;;;;;;;;;;;;;;;;;;;;
HZ-NS39;10539;;;;;;;;;;;;;;;;;;;;;;
HZ-NS42;10550;;;;;;;;;;;;;;;;;;;;;;
HZ-NS43;10514;;;;;;;;;;;;;;;;;;;;;;
HZ-NS44;10290;;;;;;;;;;;;;;;;;;;;;;
HZ-NS45;10442;;;;;;;;;;;;;;;;;;;;;;
HZ-NS46;10760;;;;;;;;;;;;;;;;;;;;;;
HZ-NS47;10777;;;;;;;;;;;;;;;;;;;;;;
HZ-NS48;10807;;;;;;;;;;;;;;;;;;;;;;
HZ-NS49;10851;;;;;;;;;;;;;;;;;;;;;;
HZ-NS52;10911;;;;;;;;;;;;;;;;;;;;;;
IBM;338;;;;;;;;;;;;;;;;;;;;;;
JU-1400;1400;;;;;;;;;;;;;;;;;;;;;;
JY-AYM;3685;;;;;;;;;;;;;;;;;;;;;;
JY-AYN;3832;;;;;;;;;;;;;;;;;;;;;;
JY-AYP;3832;;;;;;;;;;;;;;;;;;;;;;
JY-AYQ;4670;;;;;;;;;;;;;;;;;;;;;;
JY-AYR;4817;;;;;;;;;;;;;;;;;;;;;;
JY-AYS;4853;;;;;;;;;;;;;;;;;;;;;;
JY-AYT;5099;;;;;;;;;;;;;;;;;;;;;;
JY-AYU;5128;;;;;;;;;;;;;;;;;;;;;;
JY-AYV;5177;;;;;;;;;;;;;;;;;;;;;;
JY-AYW;5367;;;;;;;;;;;;;;;;;;;;;;
JY-AYX;2953;;;;;;;;;;;;;;;;;;;;;;
JY-JVA;409;;;;;;;;;;;;;;;;;;;;;;
JY-JVB;0834;;;;;;;;;;;;;;;;;;;;;;
LZ-AWI;3896;;;;;;;;;;;;;;;;;;;;;;
LZ-AWK;3949;;;;;;;;;;;;;;;;;;;;;;
LZ-AWY;0939;;;;;;;;;;;;;;;;;;;;;;
LZ-AWZ;0874;;;;;;;;;;;;;;;;;;;;;;
LZ-DAB;2916;;;;;;;;;;;;;;;;;;;;;;
LZ-DAC;2919;;;;;;;;;;;;;;;;;;;;;;
LZ-DBP;39428;;;;;;;;;;;;;;;;;;;;;;
LZ-DBR;39430;;;;;;;;;;;;;;;;;;;;;;
LZ-HEA;811;;;;;;;;;;;;;;;;;;;;;;
M-ABLV;1361;;;;;;;;;;;;;;;;;;;;;;
M-ABLW;1370;;;;;;;;;;;;;;;;;;;;;;
M-ABNM;4349;;;;;;;;;;;;;;;;;;;;;;
M-ABNP;4135;;;;;;;;;;;;;;;;;;;;;;
M-ABNR;4357;;;;;;;;;;;;;;;;;;;;;;
M-ABNU;4414;;;;;;;;;;;;;;;;;;;;;;
M-ABOP;4519;;;;;;;;;;;;;;;;;;;;;;
MSN 39428;39428;;;;;;;;;;;;;;;;;;;;;;
MSN 39430;39430;;;;;;;;;;;;;;;;;;;;;;
MSN 40263;40263;;;;;;;;;;;;;;;;;;;;;;
MSN 40265;40265;;;;;;;;;;;;;;;;;;;;;;
MSN 40316;40316;;;;;;;;;;;;;;;;;;;;;;
MSN 4376;4376;;;;;;;;;;;;;;;;;;;;;;
MSN 5036;5036;;;;;;;;;;;;;;;;;;;;;;
MSN03974;3974;;;;;;;;;;;;;;;;;;;;;;
MSN1361;1361;;;;;;;;;;;;;;;;;;;;;;
MSN1400;1400;;;;;;;;;;;;;;;;;;;;;;
MSN2739;2739;;;;;;;;;;;;;;;;;;;;;;
MSN349;0349;;;;;;;;;;;;;;;;;;;;;;
MSN5076;5076;;;;;;;;;;;;;;;;;;;;;;
MSN879;879;;;;;;;;;;;;;;;;;;;;;;
MSO;29246;;;;;;;;;;;;;;;;;;;;;;
MZZ;29247;;;;;;;;;;;;;;;;;;;;;;
N280AV;1400;;;;;;;;;;;;;;;;;;;;;;
N32109;668;;;;;;;;;;;;;;;;;;;;;;
N349UK;0349;;;;;;;;;;;;;;;;;;;;;;
N396DC;34952;;;;;;;;;;;;;;;;;;;;;;
N423DC;34961;;;;;;;;;;;;;;;;;;;;;;
N462DC;34956;;;;;;;;;;;;;;;;;;;;;;
N486RW;5484;;;;;;;;;;;;;;;;;;;;;;
N650GU;6067;;;;;;;;;;;;;;;;;;;;;;
N725AV;6219;;;;;;;;;;;;;;;;;;;;;;
N756ZG;756;;;;;;;;;;;;;;;;;;;;;;
N786PB;3974;;;;;;;;;;;;;;;;;;;;;;
N825SY;34410;;;;;;;;;;;;;;;;;;;;;;
N826SY;34411;;;;;;;;;;;;;;;;;;;;;;
N827SY;34412;;;;;;;;;;;;;;;;;;;;;;
N828SY;34413;;;;;;;;;;;;;;;;;;;;;;
N829SY;34414;;;;;;;;;;;;;;;;;;;;;;
N850SY;40265;;;;;;;;;;;;;;;;;;;;;;
OCB;098;;;;;;;;;;;;;;;;;;;;;;
OE-IDU;1098;;;;;;;;;;;;;;;;;;;;;;
OE-IET;2689;;;;;;;;;;;;;;;;;;;;;;
OE-IFJ;03943;;;;;;;;;;;;;;;;;;;;;;
OE-IFM;3259;;;;;;;;;;;;;;;;;;;;;;
OE-IIU;1607;;;;;;;;;;;;;;;;;;;;;;
OE-IIV;01624;;;;;;;;;;;;;;;;;;;;;;
OE-IKJ;2156;;;;;;;;;;;;;;;;;;;;;;
OE-ILJ;60176;;;;;;;;;;;;;;;;;;;;;;
OE-IPN;5310;;;;;;;;;;;;;;;;;;;;;;
OE-IPR;5473;;;;;;;;;;;;;;;;;;;;;;
OE-ISN;5379;;;;;;;;;;;;;;;;;;;;;;
OE-ISU;05923;;;;;;;;;;;;;;;;;;;;;;
OE-ITG;5076;;;;;;;;;;;;;;;;;;;;;;
OE-ITJ;5036;;;;;;;;;;;;;;;;;;;;;;
OE-ITK;3541;;;;;;;;;;;;;;;;;;;;;;
OE-ITM;4813;;;;;;;;;;;;;;;;;;;;;;
OE-IUX;5641;;;;;;;;;;;;;;;;;;;;;;
OE-IWK;4965;;;;;;;;;;;;;;;;;;;;;;
OE-LCH;4818;;;;;;;;;;;;;;;;;;;;;;
OE-LDJ;1098;;;;;;;;;;;;;;;;;;;;;;
OE-LES;2108;;;;;;;;;;;;;;;;;;;;;;
OE-LIP;3632;;;;;;;;;;;;;;;;;;;;;;
OE-LOB;2928;;;;;;;;;;;;;;;;;;;;;;
OE-LOM;2984;;;;;;;;;;;;;;;;;;;;;;
OE-LOT;2522;;;;;;;;;;;;;;;;;;;;;;
OGU;2631;;;;;;;;;;;;;;;;;;;;;;
OGV;2655;;;;;;;;;;;;;;;;;;;;;;
OK-YBA;425;;;;;;;;;;;;;;;;;;;;;;
OM-FEX;28213;;;;;;;;;;;;;;;;;;;;;;
OM-GTH;29644;;;;;;;;;;;;;;;;;;;;;;
OO-JAH;37260;;;;;;;;;;;;;;;;;;;;;;
OO-SNE;4243;;;;;;;;;;;;;;;;;;;;;;
ORM177;229;;;;;;;;;;;;;;;;;;;;;;
OY-JZK;30296;;;;;;;;;;;;;;;;;;;;;;
P4-KBA;5401;;;;;;;;;;;;;;;;;;;;;;
P4-KBB;5613;;;;;;;;;;;;;;;;;;;;;;
P4-KBC;5734;;;;;;;;;;;;;;;;;;;;;;
P4-KBD;5870;;;;;;;;;;;;;;;;;;;;;;
P4-KBE;5968;;;;;;;;;;;;;;;;;;;;;;
P4-KBF;6037;;;;;;;;;;;;;;;;;;;;;;
P4-KBG;6029;;;;;;;;;;;;;;;;;;;;;;
P4-KBI;8483;;;;;;;;;;;;;;;;;;;;;;
P4-KBJ;8860;;;;;;;;;;;;;;;;;;;;;;
P4-KBN;6343;;;;;;;;;;;;;;;;;;;;;;
P4-KDA;5357;;;;;;;;;;;;;;;;;;;;;;
P4-KDB;5404;;;;;;;;;;;;;;;;;;;;;;
P4-KDD;7634;;;;;;;;;;;;;;;;;;;;;;
P4-KDF;8277;;;;;;;;;;;;;;;;;;;;;;
P4-KGA;8837;;;;;;;;;;;;;;;;;;;;;;
P4-KGB;8980;;;;;;;;;;;;;;;;;;;;;;
P4-NAS;1042;;;;;;;;;;;;;;;;;;;;;;
P4-OAS;1204;;;;;;;;;;;;;;;;;;;;;;
P4-SOM;40889;;;;;;;;;;;;;;;;;;;;;;
P4-TAJ;40888;;;;;;;;;;;;;;;;;;;;;;
P4-VAS;3141;;;;;;;;;;;;;;;;;;;;;;
PH-BCA;37820;;;;;;;;;;;;;;;;;;;;;;
PH-BXY;30372;;;;;;;;;;;;;;;;;;;;;;
PH-CDE;35795;;;;;;;;;;;;;;;;;;;;;;
PH-CDF;28227;;;;;;;;;;;;;;;;;;;;;;
PH-HSF;39261;;;;;;;;;;;;;;;;;;;;;;
PH-HSJ;42150;;;;;;;;;;;;;;;;;;;;;;
PH-HXA;62149;;;;;;;;;;;;;;;;;;;;;;
PH-HXB;41340;;;;;;;;;;;;;;;;;;;;;;
PH-HXD;61791;;;;;;;;;;;;;;;;;;;;;;
PH-HXE;61790;;;;;;;;;;;;;;;;;;;;;;
PH-HXK;62157;;;;;;;;;;;;;;;;;;;;;;
PH-HXL;62162;;;;;;;;;;;;;;;;;;;;;;
PH-HXM;62165;;;;;;;;;;;;;;;;;;;;;;
PH-HXN;63623;;;;;;;;;;;;;;;;;;;;;;
PH-HZJ;30389;;;;;;;;;;;;;;;;;;;;;;
PH-HZO;34169 ;;;;;;;;;;;;;;;;;;;;;;
PH-HZV;30650;;;;;;;;;;;;;;;;;;;;;;
PH-HZW;29345;;;;;;;;;;;;;;;;;;;;;;
PH-XRX;33464;;;;;;;;;;;;;;;;;;;;;;
PH-XRY;33463;;;;;;;;;;;;;;;;;;;;;;
PK-GLK;5351;;;;;;;;;;;;;;;;;;;;;;
PK-GLL;5379;;;;;;;;;;;;;;;;;;;;;;
PK-GLM;5394;;;;;;;;;;;;;;;;;;;;;;
PK-GLN;5399;;;;;;;;;;;;;;;;;;;;;;
PK-GLO;5415;;;;;;;;;;;;;;;;;;;;;;
PK-GLP;5511;;;;;;;;;;;;;;;;;;;;;;
PK-GLQ;5541;;;;;;;;;;;;;;;;;;;;;;
PK-GLR;5551;;;;;;;;;;;;;;;;;;;;;;
PK-GLS;5556;;;;;;;;;;;;;;;;;;;;;;
PK-GLT;5560;;;;;;;;;;;;;;;;;;;;;;
PK-GLU;5571;;;;;;;;;;;;;;;;;;;;;;
PK-GLV;5574;;;;;;;;;;;;;;;;;;;;;;
PK-GLW;5597;;;;;;;;;;;;;;;;;;;;;;
PK-GLX;5777;;;;;;;;;;;;;;;;;;;;;;
PK-GLY;5830;;;;;;;;;;;;;;;;;;;;;;
PK-GLZ;6118;;;;;;;;;;;;;;;;;;;;;;
PK-GQA;6207;;;;;;;;;;;;;;;;;;;;;;
PK-GQC;6224;;;;;;;;;;;;;;;;;;;;;;
PK-GQD;6243;;;;;;;;;;;;;;;;;;;;;;
PK-GQE;6270;;;;;;;;;;;;;;;;;;;;;;
PK-GQF;6322;;;;;;;;;;;;;;;;;;;;;;
PK-GQG;6333;;;;;;;;;;;;;;;;;;;;;;
PK-GQH;6408;;;;;;;;;;;;;;;;;;;;;;
PK-GQI;6434;;;;;;;;;;;;;;;;;;;;;;
PK-GQJ;6503;;;;;;;;;;;;;;;;;;;;;;
PK-GQK;6596;;;;;;;;;;;;;;;;;;;;;;
PK-GQL;6753;;;;;;;;;;;;;;;;;;;;;;
PK-GQM;6980;;;;;;;;;;;;;;;;;;;;;;
PK-GQN;7091;;;;;;;;;;;;;;;;;;;;;;
PK-GQO;7221;;;;;;;;;;;;;;;;;;;;;;
PK-GQP;7297;;;;;;;;;;;;;;;;;;;;;;
PK-GQQ;7319;;;;;;;;;;;;;;;;;;;;;;
PK-GQR;7453;;;;;;;;;;;;;;;;;;;;;;
PK-GQS;7450;;;;;;;;;;;;;;;;;;;;;;
PK-GQT;7469;;;;;;;;;;;;;;;;;;;;;;
PK-GQU;7620;;;;;;;;;;;;;;;;;;;;;;
PK-GTA;7466;;;;;;;;;;;;;;;;;;;;;;
PK-GTC;7505;;;;;;;;;;;;;;;;;;;;;;
PK-GTD;7587;;;;;;;;;;;;;;;;;;;;;;
PK-GTE;7603;;;;;;;;;;;;;;;;;;;;;;
PK-GTF;7834;;;;;;;;;;;;;;;;;;;;;;
PK-LFL;35714;;;;;;;;;;;;;;;;;;;;;;
PK-LFM;35715;;;;;;;;;;;;;;;;;;;;;;
PK-LFQ;35718;;;;;;;;;;;;;;;;;;;;;;
PK-LFR;35719;;;;;;;;;;;;;;;;;;;;;;
PK-TLA;9440;;;;;;;;;;;;;;;;;;;;;;
PK-TLB;2835;;;;;;;;;;;;;;;;;;;;;;
PK-TLC;2696;;;;;;;;;;;;;;;;;;;;;;
POOL;NA;;;;;;;;;;;;;;;;;;;;;;
PR-GGO;35828;;;;;;;;;;;;;;;;;;;;;;
S2-AJA;30039;;;;;;;;;;;;;;;;;;;;;;
S2-AJB;28251;;;;;;;;;;;;;;;;;;;;;;
S2-AJC;30711;;;;;;;;;;;;;;;;;;;;;;
S2-AJD;30728;;;;;;;;;;;;;;;;;;;;;;
S2-AJE;39428;;;;;;;;;;;;;;;;;;;;;;
S2-AJF;39430;;;;;;;;;;;;;;;;;;;;;;
S5-ABW;532;;;;;;;;;;;;;;;;;;;;;;
SA-ONB;3236;;;;;;;;;;;;;;;;;;;;;;
SP-ENN;32368;;;;;;;;;;;;;;;;;;;;;;
SU-AAB;3152;;;;;;;;;;;;;;;;;;;;;;
SU-AAD;4890;;;;;;;;;;;;;;;;;;;;;;
SU-AAE;4958;;;;;;;;;;;;;;;;;;;;;;
SU-AAF;6444;;;;;;;;;;;;;;;;;;;;;;
SU-ALC;392;;;;;;;;;;;;;;;;;;;;;;
SU-BQJ;2874;;;;;;;;;;;;;;;;;;;;;;
SU-BQK;3925;;;;;;;;;;;;;;;;;;;;;;
SU-BQL;2410;;;;;;;;;;;;;;;;;;;;;;
SU-BQM;4310;;;;;;;;;;;;;;;;;;;;;;
SU-BQN;02476;;;;;;;;;;;;;;;;;;;;;;
SUG;32365;;;;;;;;;;;;;;;;;;;;;;
SU-NMG;5171;;;;;;;;;;;;;;;;;;;;;;
SU-NML;5175;;;;;;;;;;;;;;;;;;;;;;
SX-DGX;1996;;;;;;;;;;;;;;;;;;;;;;
T7-CPX;1481;;;;;;;;;;;;;;;;;;;;;;
T7-MRB;5152;;;;;;;;;;;;;;;;;;;;;;
T7-ULS;0349;;;;;;;;;;;;;;;;;;;;;;
T7-WLA;35277;;;;;;;;;;;;;;;;;;;;;;
TC- AAI;35699;;;;;;;;;;;;;;;;;;;;;;
TC_JFN;29776;;;;;;;;;;;;;;;;;;;;;;
TC_JFO;29777;;;;;;;;;;;;;;;;;;;;;;
TC_JFP;29778;;;;;;;;;;;;;;;;;;;;;;
TC_JFR;29779;;;;;;;;;;;;;;;;;;;;;;
TC_JFY;29783;;;;;;;;;;;;;;;;;;;;;;
TC_JFZ;29784;;;;;;;;;;;;;;;;;;;;;;
TC_JZA;172S10964;;;;;;;;;;;;;;;;;;;;;;
TC_JZB;172S11007;;;;;;;;;;;;;;;;;;;;;;
TC_JZD;172S11012;;;;;;;;;;;;;;;;;;;;;;
TC_TAK;172S10854;;;;;;;;;;;;;;;;;;;;;;
TC_TAL;172S10869;;;;;;;;;;;;;;;;;;;;;;
TC_TAM;172S10882;;;;;;;;;;;;;;;;;;;;;;
TC_TAO;172S10900;;;;;;;;;;;;;;;;;;;;;;
TC_TAS;172S10107;;;;;;;;;;;;;;;;;;;;;;
TC_TAZ;172S10106;;;;;;;;;;;;;;;;;;;;;;
TC_TBB;40.N146;;;;;;;;;;;;;;;;;;;;;;
TC_TBC;40.N147;;;;;;;;;;;;;;;;;;;;;;
TC_TBD;40.N165;;;;;;;;;;;;;;;;;;;;;;
TC_TBE;40.N166;;;;;;;;;;;;;;;;;;;;;;
TC_TBF;40.N167;;;;;;;;;;;;;;;;;;;;;;
TC_TBG;40.N168;;;;;;;;;;;;;;;;;;;;;;
TC_TBH;172S11407;;;;;;;;;;;;;;;;;;;;;;
TC_TBI;172S11408;;;;;;;;;;;;;;;;;;;;;;
TC_TBJ;172S11409;;;;;;;;;;;;;;;;;;;;;;
TC_TDA;42.N062;;;;;;;;;;;;;;;;;;;;;;
TC_TDB;42.N063;;;;;;;;;;;;;;;;;;;;;;
TC_TDC;42.N064;;;;;;;;;;;;;;;;;;;;;;
TC_TDD;42.N065;;;;;;;;;;;;;;;;;;;;;;
TC_TDE;42.N066;;;;;;;;;;;;;;;;;;;;;;
TC_TDF;42.N067;;;;;;;;;;;;;;;;;;;;;;
TC-737MAX;DUMMY;;;;;;;;;;;;;;;;;;;;;;
TC-A321NEO;DUMMY;;;;;;;;;;;;;;;;;;;;;;
TC-AAI;35699;;;;;;;;;;;;;;;;;;;;;;
TC-AAJ;35702;;;;;;;;;;;;;;;;;;;;;;
TC-AAL;35984;;;;;;;;;;;;;;;;;;;;;;
TC-AAN;38173;;;;;;;;;;;;;;;;;;;;;;
TC-AAO;28619;;;;;;;;;;;;;;;;;;;;;;
TC-AAR;28624;;;;;;;;;;;;;;;;;;;;;;
TC-AAS;40871;;;;;;;;;;;;;;;;;;;;;;
TC-AAT;40872;;;;;;;;;;;;;;;;;;;;;;
TC-AAU;40873;;;;;;;;;;;;;;;;;;;;;;
TC-AAV;40696;;;;;;;;;;;;;;;;;;;;;;
TC-AAY;40874;;;;;;;;;;;;;;;;;;;;;;
TC-AAZ;40875;;;;;;;;;;;;;;;;;;;;;;
TC-ABL;1390;;;;;;;;;;;;;;;;;;;;;;
TC-ABP;40876;;;;;;;;;;;;;;;;;;;;;;
TC-ACG;25641;;;;;;;;;;;;;;;;;;;;;;
TC-ADP;40720;;;;;;;;;;;;;;;;;;;;;;
TC-AEP;40724;;;;;;;;;;;;;;;;;;;;;;
TC-AGD;819;;;;;;;;;;;;;;;;;;;;;;
TC-AGF;900;;;;;;;;;;;;;;;;;;;;;;
TC-AGG;806;;;;;;;;;;;;;;;;;;;;;;
TC-AGI;963;;;;;;;;;;;;;;;;;;;;;;
TC-AGL;700;;;;;;;;;;;;;;;;;;;;;;
TC-AGO;2029;;;;;;;;;;;;;;;;;;;;;;
TC-AGP;40728;;;;;;;;;;;;;;;;;;;;;;
TC-AGS;1008;;;;;;;;;;;;;;;;;;;;;;
TC-AGU;2077;;;;;;;;;;;;;;;;;;;;;;
TC-AHL;1282;;;;;;;;;;;;;;;;;;;;;;
TC-AHP;40721;;;;;;;;;;;;;;;;;;;;;;
TC-AIP;40877;;;;;;;;;;;;;;;;;;;;;;
TC-AIS;38174;;;;;;;;;;;;;;;;;;;;;;
TC-AJP;35983;;;;;;;;;;;;;;;;;;;;;;
TC-ALC;4141;;;;;;;;;;;;;;;;;;;;;;
TC-ALG;5038;;;;;;;;;;;;;;;;;;;;;;
TC-AMP;40723;;;;;;;;;;;;;;;;;;;;;;
TC-ANA;1002;;;;;;;;;;;;;;;;;;;;;;
TC-ANK;03751;;;;;;;;;;;;;;;;;;;;;;
TC-ANP;40722;;;;;;;;;;;;;;;;;;;;;;
TC-ARP;40727;;;;;;;;;;;;;;;;;;;;;;
TC-ASP;40011;;;;;;;;;;;;;;;;;;;;;;
TC-ATA;5346;;;;;;;;;;;;;;;;;;;;;;
TC-ATB;1503;;;;;;;;;;;;;;;;;;;;;;
TC-ATD;1124;;;;;;;;;;;;;;;;;;;;;;
TC-ATE;00675;;;;;;;;;;;;;;;;;;;;;;
TC-ATF;00761;;;;;;;;;;;;;;;;;;;;;;
TC-ATH;1953;;;;;;;;;;;;;;;;;;;;;;
TC-ATK;2747;;;;;;;;;;;;;;;;;;;;;;
TC-ATM;2753;;;;;;;;;;;;;;;;;;;;;;
TC-ATR;1451;;;;;;;;;;;;;;;;;;;;;;
TC-ATT;1624;;;;;;;;;;;;;;;;;;;;;;
TC-ATY;808;;;;;;;;;;;;;;;;;;;;;;
TC-ATZ;823;;;;;;;;;;;;;;;;;;;;;;
TC-AVP;38175;;;;;;;;;;;;;;;;;;;;;;
TC-AZ1;19460;;;;;;;;;;;;;;;;;;;;;;
TC-AZ2;0;;;;;;;;;;;;;;;;;;;;;;
TC-AZ8;20525;;;;;;;;;;;;;;;;;;;;;;
TC-AZP;38176;;;;;;;;;;;;;;;;;;;;;;
TC-CAN;0902;;;;;;;;;;;;;;;;;;;;;;
TCCB 1;920168;;;;;;;;;;;;;;;;;;;;;;
TCCB 2;920019;;;;;;;;;;;;;;;;;;;;;;
TCCB 3;920173;;;;;;;;;;;;;;;;;;;;;;
TC-CBK;5254;;;;;;;;;;;;;;;;;;;;;;
TC-CCJ;35701;;;;;;;;;;;;;;;;;;;;;;
TC-CCK;35699;;;;;;;;;;;;;;;;;;;;;;
TC-CCM;6443;;;;;;;;;;;;;;;;;;;;;;
TC-CCP;37746;;;;;;;;;;;;;;;;;;;;;;
TC-COE;36881;;;;;;;;;;;;;;;;;;;;;;
TC-COH;35850;;;;;;;;;;;;;;;;;;;;;;
TC-CON;39412;;;;;;;;;;;;;;;;;;;;;;
TC-COR;42058;;;;;;;;;;;;;;;;;;;;;;
TC-CPA;40725;;;;;;;;;;;;;;;;;;;;;;
TC-CPB;38177;;;;;;;;;;;;;;;;;;;;;;
TC-CPC;40878;;;;;;;;;;;;;;;;;;;;;;
TC-CPD;40726;;;;;;;;;;;;;;;;;;;;;;
TC-CPE;38178;;;;;;;;;;;;;;;;;;;;;;
TC-CPF;40879;;;;;;;;;;;;;;;;;;;;;;
TC-CPG;40880;;;;;;;;;;;;;;;;;;;;;;
TC-CPI;40014;;;;;;;;;;;;;;;;;;;;;;
TC-CPJ;40881;;;;;;;;;;;;;;;;;;;;;;
TC-CPK;40009;;;;;;;;;;;;;;;;;;;;;;
TC-CPL;40010;;;;;;;;;;;;;;;;;;;;;;
TC-CPM;40012;;;;;;;;;;;;;;;;;;;;;;
TC-CPN;40013;;;;;;;;;;;;;;;;;;;;;;
TC-CPO;33641;;;;;;;;;;;;;;;;;;;;;;
TC-CPP;32903;;;;;;;;;;;;;;;;;;;;;;
TC-CPR;34905;;;;;;;;;;;;;;;;;;;;;;
TC-CPS;37366;;;;;;;;;;;;;;;;;;;;;;
TC-CPU;35216;;;;;;;;;;;;;;;;;;;;;;
TC-CPV;36884;;;;;;;;;;;;;;;;;;;;;;
TC-CPY;41767;;;;;;;;;;;;;;;;;;;;;;
TC-CPZ;41768;;;;;;;;;;;;;;;;;;;;;;
TC-CRA;41769;;;;;;;;;;;;;;;;;;;;;;
TC-CRB;62687;;;;;;;;;;;;;;;;;;;;;;
TC-CRE;63703;;;;;;;;;;;;;;;;;;;;;;
TC-CRF;63704;;;;;;;;;;;;;;;;;;;;;;
TC-CRG;63705;;;;;;;;;;;;;;;;;;;;;;
TC-CZD;4354;;;;;;;;;;;;;;;;;;;;;;
TC-DAP;5212;;;;;;;;;;;;;;;;;;;;;;
TC-DCA;5879;;;;;;;;;;;;;;;;;;;;;;
TC-DCB;5902;;;;;;;;;;;;;;;;;;;;;;
TC-DCC;5950;;;;;;;;;;;;;;;;;;;;;;
TC-DCD;5995;;;;;;;;;;;;;;;;;;;;;;
TC-DCE;6465;;;;;;;;;;;;;;;;;;;;;;
TC-DCF;3831;;;;;;;;;;;;;;;;;;;;;;
TC-DCG;6597;;;;;;;;;;;;;;;;;;;;;;
TC-DCH;6619;;;;;;;;;;;;;;;;;;;;;;
TC-DCI;6666;;;;;;;;;;;;;;;;;;;;;;
TC-DCJ;4175;;;;;;;;;;;;;;;;;;;;;;
TC-DCL;7145;;;;;;;;;;;;;;;;;;;;;;
TC-DCM;7200;;;;;;;;;;;;;;;;;;;;;;
TC-DOU;510-0330;;;;;;;;;;;;;;;;;;;;;;
TC-DT1;0;;;;;;;;;;;;;;;;;;;;;;
TC-DT2;0;;;;;;;;;;;;;;;;;;;;;;
TC-DT3;0;;;;;;;;;;;;;;;;;;;;;;
TC-DT4;0;;;;;;;;;;;;;;;;;;;;;;
TC-DT5;0;;;;;;;;;;;;;;;;;;;;;;
TC-DT6;0;;;;;;;;;;;;;;;;;;;;;;
TC-EDH;4175;;;;;;;;;;;;;;;;;;;;;;
TC-EET;0;;;;;;;;;;;;;;;;;;;;;;
TC-EGT;0000;;;;;;;;;;;;;;;;;;;;;;
TC-ET1;0;;;;;;;;;;;;;;;;;;;;;;
TC-ET2;0;;;;;;;;;;;;;;;;;;;;;;
TC-ET4;0;;;;;;;;;;;;;;;;;;;;;;
TC-ET5;0;;;;;;;;;;;;;;;;;;;;;;
TC-ETF;1438;;;;;;;;;;;;;;;;;;;;;;
TC-ETH;968;;;;;;;;;;;;;;;;;;;;;;
TC-ETJ;974;;;;;;;;;;;;;;;;;;;;;;
TC-ETM;604;;;;;;;;;;;;;;;;;;;;;;
TC-ETV;1950;;;;;;;;;;;;;;;;;;;;;;
TC-FBH;4207;;;;;;;;;;;;;;;;;;;;;;
TC-FBO;5096;;;;;;;;;;;;;;;;;;;;;;
TC-FBR;2524;;;;;;;;;;;;;;;;;;;;;;
TC-FBV;4658;;;;;;;;;;;;;;;;;;;;;;
TC-FHC;3852;;;;;;;;;;;;;;;;;;;;;;
TC-FHG;2922;;;;;;;;;;;;;;;;;;;;;;
TC-FHI;03984;;;;;;;;;;;;;;;;;;;;;;
TC-FHK;4102;;;;;;;;;;;;;;;;;;;;;;
TC-FHL;4154;;;;;;;;;;;;;;;;;;;;;;
TC-FHM;3012;;;;;;;;;;;;;;;;;;;;;;
TC-FHN;5673;;;;;;;;;;;;;;;;;;;;;;
TC-FHP;05906;;;;;;;;;;;;;;;;;;;;;;
TC-FHY;3891;;;;;;;;;;;;;;;;;;;;;;
TC-FS2;0;;;;;;;;;;;;;;;;;;;;;;
TC-FS3;0;;;;;;;;;;;;;;;;;;;;;;
TC-FS4;0;;;;;;;;;;;;;;;;;;;;;;
TC-FS5;0;;;;;;;;;;;;;;;;;;;;;;
TC-FS6;0;;;;;;;;;;;;;;;;;;;;;;
TC-FS7;0;;;;;;;;;;;;;;;;;;;;;;
TC-FS8;0;;;;;;;;;;;;;;;;;;;;;;
TC-FS9;0;;;;;;;;;;;;;;;;;;;;;;
TC-FSA;0;;;;;;;;;;;;;;;;;;;;;;
TC-FSB;0;;;;;;;;;;;;;;;;;;;;;;
TC-FSC;0;;;;;;;;;;;;;;;;;;;;;;
TC-FSD;0;;;;;;;;;;;;;;;;;;;;;;
TC-FSE;0;;;;;;;;;;;;;;;;;;;;;;
TC-FSF;0;;;;;;;;;;;;;;;;;;;;;;
TC-FSG;0;;;;;;;;;;;;;;;;;;;;;;
TC-FSH;0;;;;;;;;;;;;;;;;;;;;;;
TC-FSI;0;;;;;;;;;;;;;;;;;;;;;;
TC-FSJ;0;;;;;;;;;;;;;;;;;;;;;;
TC-FSK;0;;;;;;;;;;;;;;;;;;;;;;
TC-FSL-C;0;;;;;;;;;;;;;;;;;;;;;;
TC-FSL-N;0;;;;;;;;;;;;;;;;;;;;;;
TC-FSM-C;0;;;;;;;;;;;;;;;;;;;;;;
TC-FSM-N;0;;;;;;;;;;;;;;;;;;;;;;
TC-FSN;0;;;;;;;;;;;;;;;;;;;;;;
TC-FSO;0;;;;;;;;;;;;;;;;;;;;;;
TC-FSP;0;;;;;;;;;;;;;;;;;;;;;;
TC-FSR;0;;;;;;;;;;;;;;;;;;;;;;
TC-FSS;0;;;;;;;;;;;;;;;;;;;;;;
TC-FST;0;;;;;;;;;;;;;;;;;;;;;;
TC-FSV;0;;;;;;;;;;;;;;;;;;;;;;
TC-GAP;4240;;;;;;;;;;;;;;;;;;;;;;
TC-GHP;8052;;;;;;;;;;;;;;;;;;;;;;
TC-GVA;1043;;;;;;;;;;;;;;;;;;;;;;
TC-GVB;1027;;;;;;;;;;;;;;;;;;;;;;
TC-IPK;4239;;;;;;;;;;;;;;;;;;;;;;
TC-IST;4042;;;;;;;;;;;;;;;;;;;;;;
TC-IZB;37743;;;;;;;;;;;;;;;;;;;;;;
TC-IZC;37745;;;;;;;;;;;;;;;;;;;;;;
TC-IZD;32348;;;;;;;;;;;;;;;;;;;;;;
TC-IZE;37740;;;;;;;;;;;;;;;;;;;;;;
TC-IZG;33605;;;;;;;;;;;;;;;;;;;;;;
TC-IZI;34904;;;;;;;;;;;;;;;;;;;;;;
TC-IZJ;35700;;;;;;;;;;;;;;;;;;;;;;
TC-IZK;37742;;;;;;;;;;;;;;;;;;;;;;
TC-JCC;0;;;;;;;;;;;;;;;;;;;;;;
TC-JCF;0;;;;;;;;;;;;;;;;;;;;;;
TC-JCI;1442;;;;;;;;;;;;;;;;;;;;;;
TC-JDK;0025;;;;;;;;;;;;;;;;;;;;;;
TC-JDO;1004;;;;;;;;;;;;;;;;;;;;;;
TC-JDP;1092;;;;;;;;;;;;;;;;;;;;;;
TC-JDR;1344;;;;;;;;;;;;;;;;;;;;;;
TC-JDS;1418;;;;;;;;;;;;;;;;;;;;;;
TC-JEL;0;;;;;;;;;;;;;;;;;;;;;;
TC-JES;0;;;;;;;;;;;;;;;;;;;;;;
TC-JFC;29765;;;;;;;;;;;;;;;;;;;;;;
TC-JFD;29766;;;;;;;;;;;;;;;;;;;;;;
TC-JFE;29767;;;;;;;;;;;;;;;;;;;;;;
TC-JFF;29768;;;;;;;;;;;;;;;;;;;;;;
TC-JFG;29769;;;;;;;;;;;;;;;;;;;;;;
TC-JFH;29770;;;;;;;;;;;;;;;;;;;;;;
TC-JFI;29771;;;;;;;;;;;;;;;;;;;;;;
TC-JFJ;29772;;;;;;;;;;;;;;;;;;;;;;
TC-JFK;29773;;;;;;;;;;;;;;;;;;;;;;
TC-JFL;29774;;;;;;;;;;;;;;;;;;;;;;
TC-JFM;29775;;;;;;;;;;;;;;;;;;;;;;
TC-JFN;29776;;;;;;;;;;;;;;;;;;;;;;
TC-JFO;29777;;;;;;;;;;;;;;;;;;;;;;
TC-JFP;29778;;;;;;;;;;;;;;;;;;;;;;
TC-JFR;29779;;;;;;;;;;;;;;;;;;;;;;
TC-JFT;29780;;;;;;;;;;;;;;;;;;;;;;
TC-JFU;29781;;;;;;;;;;;;;;;;;;;;;;
TC-JFV;29782;;;;;;;;;;;;;;;;;;;;;;
TC-JFY;29783;;;;;;;;;;;;;;;;;;;;;;
TC-JFZ;29784;;;;;;;;;;;;;;;;;;;;;;
TC-JGA;29785;;;;;;;;;;;;;;;;;;;;;;
TC-JGB;29786;;;;;;;;;;;;;;;;;;;;;;
TC-JGC;29787;;;;;;;;;;;;;;;;;;;;;;
TC-JGD;29788;;;;;;;;;;;;;;;;;;;;;;
TC-JGF;29790;;;;;;;;;;;;;;;;;;;;;;
TC-JGG;34405;;;;;;;;;;;;;;;;;;;;;;
TC-JGI;34407;;;;;;;;;;;;;;;;;;;;;;
TC-JGR;34415;;;;;;;;;;;;;;;;;;;;;;
TC-JGS;34416;;;;;;;;;;;;;;;;;;;;;;
TC-JGT;34417;;;;;;;;;;;;;;;;;;;;;;
TC-JGU;34418;;;;;;;;;;;;;;;;;;;;;;
TC-JGV;34419;;;;;;;;;;;;;;;;;;;;;;
TC-JGY;35738;;;;;;;;;;;;;;;;;;;;;;
TC-JGZ;35739;;;;;;;;;;;;;;;;;;;;;;
TC-JHA;35740;;;;;;;;;;;;;;;;;;;;;;
TC-JHB;35741;;;;;;;;;;;;;;;;;;;;;;
TC-JHC;35742;;;;;;;;;;;;;;;;;;;;;;
TC-JHD;35743;;;;;;;;;;;;;;;;;;;;;;
TC-JHE;35744;;;;;;;;;;;;;;;;;;;;;;
TC-JHF;35745;;;;;;;;;;;;;;;;;;;;;;
TC-JHK;40975;;;;;;;;;;;;;;;;;;;;;;
TC-JHL;40976;;;;;;;;;;;;;;;;;;;;;;
TC-JHM;40980;;;;;;;;;;;;;;;;;;;;;;
TC-JHN;40981;;;;;;;;;;;;;;;;;;;;;;
TC-JHO;40987;;;;;;;;;;;;;;;;;;;;;;
TC-JHP;42000;;;;;;;;;;;;;;;;;;;;;;
TC-JHR;40989;;;;;;;;;;;;;;;;;;;;;;
TC-JHS;40991;;;;;;;;;;;;;;;;;;;;;;
TC-JHT;42001;;;;;;;;;;;;;;;;;;;;;;
TC-JHU;42002;;;;;;;;;;;;;;;;;;;;;;
TC-JHV;40992;;;;;;;;;;;;;;;;;;;;;;
TC-JHY;42003;;;;;;;;;;;;;;;;;;;;;;
TC-JHZ;42004;;;;;;;;;;;;;;;;;;;;;;
TC-JIL;0882;;;;;;;;;;;;;;;;;;;;;;
TC-JIM;0901;;;;;;;;;;;;;;;;;;;;;;
TC-JIN;0932;;;;;;;;;;;;;;;;;;;;;;
TC-JIO;0869;;;;;;;;;;;;;;;;;;;;;;
TC-JIP;0876;;;;;;;;;;;;;;;;;;;;;;
TC-JIR;0949;;;;;;;;;;;;;;;;;;;;;;
TC-JIS;0961;;;;;;;;;;;;;;;;;;;;;;
TC-JIT;0977;;;;;;;;;;;;;;;;;;;;;;
TC-JIZ;1118;;;;;;;;;;;;;;;;;;;;;;
TC-JJE;40707;;;;;;;;;;;;;;;;;;;;;;
TC-JJF;40708;;;;;;;;;;;;;;;;;;;;;;
TC-JJG;40791;;;;;;;;;;;;;;;;;;;;;;
TC-JJH;40792;;;;;;;;;;;;;;;;;;;;;;
TC-JJI;40709;;;;;;;;;;;;;;;;;;;;;;
TC-JJJ;40710;;;;;;;;;;;;;;;;;;;;;;
TC-JJK;40711;;;;;;;;;;;;;;;;;;;;;;
TC-JJL;40793;;;;;;;;;;;;;;;;;;;;;;
TC-JJM;40794;;;;;;;;;;;;;;;;;;;;;;
TC-JJN;40795;;;;;;;;;;;;;;;;;;;;;;
TC-JJO;40796;;;;;;;;;;;;;;;;;;;;;;
TC-JJP;40797;;;;;;;;;;;;;;;;;;;;;;
TC-JJR;44116;;;;;;;;;;;;;;;;;;;;;;
TC-JJS;44117;;;;;;;;;;;;;;;;;;;;;;
TC-JJT;44118;;;;;;;;;;;;;;;;;;;;;;
TC-JJU;60401;;;;;;;;;;;;;;;;;;;;;;
TC-JJV;44119;;;;;;;;;;;;;;;;;;;;;;
TC-JJY;44120;;;;;;;;;;;;;;;;;;;;;;
TC-JJZ;44122;;;;;;;;;;;;;;;;;;;;;;
TC-JKO;34300;;;;;;;;;;;;;;;;;;;;;;
TC-JKU;41805;;;;;;;;;;;;;;;;;;;;;;
TC-JKV;41808;;;;;;;;;;;;;;;;;;;;;;
TC-JLA;0;;;;;;;;;;;;;;;;;;;;;;
TC-JLS;4629;;;;;;;;;;;;;;;;;;;;;;
TC-JLT;4665;;;;;;;;;;;;;;;;;;;;;;
TC-JLU;4695;;;;;;;;;;;;;;;;;;;;;;
TC-JLV;4755;;;;;;;;;;;;;;;;;;;;;;
TC-JLY;4774;;;;;;;;;;;;;;;;;;;;;;
TC-JLZ;4790;;;;;;;;;;;;;;;;;;;;;;
TC-JMH;3637;;;;;;;;;;;;;;;;;;;;;;
TC-JMI;3673;;;;;;;;;;;;;;;;;;;;;;
TC-JMJ;3688;;;;;;;;;;;;;;;;;;;;;;
TC-JMK;3738;;;;;;;;;;;;;;;;;;;;;;
TC-JML;3382;;;;;;;;;;;;;;;;;;;;;;
TC-JMM;2916;;;;;;;;;;;;;;;;;;;;;;
TC-JMN;2919;;;;;;;;;;;;;;;;;;;;;;
TC-JNA;0697;;;;;;;;;;;;;;;;;;;;;;
TC-JNB;0704;;;;;;;;;;;;;;;;;;;;;;
TC-JNC;0742;;;;;;;;;;;;;;;;;;;;;;
TC-JND;0754;;;;;;;;;;;;;;;;;;;;;;
TC-JNE;0774;;;;;;;;;;;;;;;;;;;;;;
TC-JNH;1150;;;;;;;;;;;;;;;;;;;;;;
TC-JNI;1160;;;;;;;;;;;;;;;;;;;;;;
TC-JNJ;1170;;;;;;;;;;;;;;;;;;;;;;
TC-JNK;1172;;;;;;;;;;;;;;;;;;;;;;
TC-JNL;1204;;;;;;;;;;;;;;;;;;;;;;
TC-JNM;1212;;;;;;;;;;;;;;;;;;;;;;
TC-JNN;1228;;;;;;;;;;;;;;;;;;;;;;
TC-JNO;1298;;;;;;;;;;;;;;;;;;;;;;
TC-JNP;1307;;;;;;;;;;;;;;;;;;;;;;
TC-JNR;1311;;;;;;;;;;;;;;;;;;;;;;
TC-JNS;1458;;;;;;;;;;;;;;;;;;;;;;
TC-JNT;1476;;;;;;;;;;;;;;;;;;;;;;
TC-JNZ;1487;;;;;;;;;;;;;;;;;;;;;;
TC-JOA;1501;;;;;;;;;;;;;;;;;;;;;;
TC-JOB;1514;;;;;;;;;;;;;;;;;;;;;;
TC-JOD;1529;;;;;;;;;;;;;;;;;;;;;;
TC-JOE;1571;;;;;;;;;;;;;;;;;;;;;;
TC-JOF;1616;;;;;;;;;;;;;;;;;;;;;;
TC-JOG;1620;;;;;;;;;;;;;;;;;;;;;;
TC-JOH;1622;;;;;;;;;;;;;;;;;;;;;;
TC-JOI;1629;;;;;;;;;;;;;;;;;;;;;;
TC-JOJ;1640;;;;;;;;;;;;;;;;;;;;;;
TC-JOK;1642;;;;;;;;;;;;;;;;;;;;;;
TC-JOL;1644;;;;;;;;;;;;;;;;;;;;;;
TC-JOM;1499;;;;;;;;;;;;;;;;;;;;;;
TC-JOO;1164;;;;;;;;;;;;;;;;;;;;;;
TC-JOU;1550;;;;;;;;;;;;;;;;;;;;;;
TC-JOV;1722;;;;;;;;;;;;;;;;;;;;;;
TC-JOY;1750;;;;;;;;;;;;;;;;;;;;;;
TC-JOZ;1768;;;;;;;;;;;;;;;;;;;;;;
TC-JPC;2928;;;;;;;;;;;;;;;;;;;;;;
TC-JPD;2934;;;;;;;;;;;;;;;;;;;;;;
TC-JPF;2984;;;;;;;;;;;;;;;;;;;;;;
TC-JPG;3010;;;;;;;;;;;;;;;;;;;;;;
TC-JPH;3185;;;;;;;;;;;;;;;;;;;;;;
TC-JPI;3208;;;;;;;;;;;;;;;;;;;;;;
TC-JPJ;3239;;;;;;;;;;;;;;;;;;;;;;
TC-JPK;3257;;;;;;;;;;;;;;;;;;;;;;
TC-JPL;3303;;;;;;;;;;;;;;;;;;;;;;
TC-JPM;3341;;;;;;;;;;;;;;;;;;;;;;
TC-JPN;3558;;;;;;;;;;;;;;;;;;;;;;
TC-JPP;3603;;;;;;;;;;;;;;;;;;;;;;
TC-JPR;3654;;;;;;;;;;;;;;;;;;;;;;
TC-JPS;3718;;;;;;;;;;;;;;;;;;;;;;
TC-JPT;3719;;;;;;;;;;;;;;;;;;;;;;
TC-JRA;2823;;;;;;;;;;;;;;;;;;;;;;
TC-JRB;2868;;;;;;;;;;;;;;;;;;;;;;
TC-JRC;2999;;;;;;;;;;;;;;;;;;;;;;
TC-JRD;3015;;;;;;;;;;;;;;;;;;;;;;
TC-JRE;3126;;;;;;;;;;;;;;;;;;;;;;
TC-JRF;3207;;;;;;;;;;;;;;;;;;;;;;
TC-JRG;3283;;;;;;;;;;;;;;;;;;;;;;
TC-JRH;3350;;;;;;;;;;;;;;;;;;;;;;
TC-JRI;3405;;;;;;;;;;;;;;;;;;;;;;
TC-JRJ;3429;;;;;;;;;;;;;;;;;;;;;;
TC-JRK;3525;;;;;;;;;;;;;;;;;;;;;;
TC-JRL;3539;;;;;;;;;;;;;;;;;;;;;;
TC-JRM;4643;;;;;;;;;;;;;;;;;;;;;;
TC-JRN;4654;;;;;;;;;;;;;;;;;;;;;;
TC-JRO;4682;;;;;;;;;;;;;;;;;;;;;;
TC-JRP;4698;;;;;;;;;;;;;;;;;;;;;;
TC-JRR;4706;;;;;;;;;;;;;;;;;;;;;;
TC-JRS;4761;;;;;;;;;;;;;;;;;;;;;;
TC-JRT;4779;;;;;;;;;;;;;;;;;;;;;;
TC-JRU;4788;;;;;;;;;;;;;;;;;;;;;;
TC-JRV;5077;;;;;;;;;;;;;;;;;;;;;;
TC-JRY;5083;;;;;;;;;;;;;;;;;;;;;;
TC-JRZ;5118;;;;;;;;;;;;;;;;;;;;;;
TC-JSA;5154;;;;;;;;;;;;;;;;;;;;;;
TC-JSB;5205;;;;;;;;;;;;;;;;;;;;;;
TC-JSC;5254;;;;;;;;;;;;;;;;;;;;;;
TC-JSD;5388;;;;;;;;;;;;;;;;;;;;;;
TC-JSE;5450;;;;;;;;;;;;;;;;;;;;;;
TC-JSF;5465;;;;;;;;;;;;;;;;;;;;;;
TC-JSG;5490;;;;;;;;;;;;;;;;;;;;;;
TC-JSH;5546;;;;;;;;;;;;;;;;;;;;;;
TC-JSI;5584;;;;;;;;;;;;;;;;;;;;;;
TC-JSJ;5633;;;;;;;;;;;;;;;;;;;;;;
TC-JSK;5663;;;;;;;;;;;;;;;;;;;;;;
TC-JSL;5667;;;;;;;;;;;;;;;;;;;;;;
TC-JSM;5689;;;;;;;;;;;;;;;;;;;;;;
TC-JSN;6508;;;;;;;;;;;;;;;;;;;;;;
TC-JSO;6563;;;;;;;;;;;;;;;;;;;;;;
TC-JSP;6599;;;;;;;;;;;;;;;;;;;;;;
TC-JSR;6652;;;;;;;;;;;;;;;;;;;;;;
TC-JSS;6657;;;;;;;;;;;;;;;;;;;;;;
TC-JST;6682;;;;;;;;;;;;;;;;;;;;;;
TC-JSU;6709;;;;;;;;;;;;;;;;;;;;;;
TC-JSV;6751;;;;;;;;;;;;;;;;;;;;;;
TC-JSY;6758;;;;;;;;;;;;;;;;;;;;;;
TC-JSZ;6766;;;;;;;;;;;;;;;;;;;;;;
TC-JTA;6781;;;;;;;;;;;;;;;;;;;;;;
TC-JTD;6822;;;;;;;;;;;;;;;;;;;;;;
TC-JTE;6869;;;;;;;;;;;;;;;;;;;;;;
TC-JTF;6987;;;;;;;;;;;;;;;;;;;;;;
TC-JTG;6990;;;;;;;;;;;;;;;;;;;;;;
TC-JTH;7029;;;;;;;;;;;;;;;;;;;;;;
TC-JTI;7089;;;;;;;;;;;;;;;;;;;;;;
TC-JTJ;7139;;;;;;;;;;;;;;;;;;;;;;
TC-JTK;7146;;;;;;;;;;;;;;;;;;;;;;
TC-JTL;7166;;;;;;;;;;;;;;;;;;;;;;
TC-JTM;7242;;;;;;;;;;;;;;;;;;;;;;
TC-JTN;7274;;;;;;;;;;;;;;;;;;;;;;
TC-JTO;7299;;;;;;;;;;;;;;;;;;;;;;
TC-JTP;7516;;;;;;;;;;;;;;;;;;;;;;
TC-JTR;7518;;;;;;;;;;;;;;;;;;;;;;
TC-JUE;2156;;;;;;;;;;;;;;;;;;;;;;
TC-JUF;2164;;;;;;;;;;;;;;;;;;;;;;
TC-JUG;2395;;;;;;;;;;;;;;;;;;;;;;
TC-JUI;2401;;;;;;;;;;;;;;;;;;;;;;
TC-JUJ;2522;;;;;;;;;;;;;;;;;;;;;;
TC-JUK;2602;;;;;;;;;;;;;;;;;;;;;;
TC-JVA;40988;;;;;;;;;;;;;;;;;;;;;;
TC-JVB;40990;;;;;;;;;;;;;;;;;;;;;;
TC-JVC;42005;;;;;;;;;;;;;;;;;;;;;;
TC-JVD;42007;;;;;;;;;;;;;;;;;;;;;;
TC-JVE;42006;;;;;;;;;;;;;;;;;;;;;;
TC-JVF;42008;;;;;;;;;;;;;;;;;;;;;;
TC-JVG;42009;;;;;;;;;;;;;;;;;;;;;;
TC-JVH;60012;;;;;;;;;;;;;;;;;;;;;;
TC-JVI;60013;;;;;;;;;;;;;;;;;;;;;;
TC-JVJ;60015;;;;;;;;;;;;;;;;;;;;;;
TC-JVK;60014;;;;;;;;;;;;;;;;;;;;;;
TC-JVL;60017;;;;;;;;;;;;;;;;;;;;;;
TC-JVM;60016;;;;;;;;;;;;;;;;;;;;;;
TC-JVN;60018;;;;;;;;;;;;;;;;;;;;;;
TC-JVO;60031;;;;;;;;;;;;;;;;;;;;;;
TC-JVP;60019;;;;;;;;;;;;;;;;;;;;;;
TC-JVR;60030;;;;;;;;;;;;;;;;;;;;;;
TC-JVS;60021;;;;;;;;;;;;;;;;;;;;;;
TC-JVT;60020;;;;;;;;;;;;;;;;;;;;;;
TC-JVU;60022;;;;;;;;;;;;;;;;;;;;;;
TC-JVV;60023;;;;;;;;;;;;;;;;;;;;;;
TC-JVY;60024;;;;;;;;;;;;;;;;;;;;;;
TC-JVZ;60025;;;;;;;;;;;;;;;;;;;;;;
TC-JYA;40973;;;;;;;;;;;;;;;;;;;;;;
TC-JYB;40974;;;;;;;;;;;;;;;;;;;;;;
TC-JYC;40977;;;;;;;;;;;;;;;;;;;;;;
TC-JYD;40978;;;;;;;;;;;;;;;;;;;;;;
TC-JYE;40979;;;;;;;;;;;;;;;;;;;;;;
TC-JYF;40982;;;;;;;;;;;;;;;;;;;;;;
TC-JYG;40983;;;;;;;;;;;;;;;;;;;;;;
TC-JYH;40984;;;;;;;;;;;;;;;;;;;;;;
TC-JYI;40985;;;;;;;;;;;;;;;;;;;;;;
TC-JYJ;40986;;;;;;;;;;;;;;;;;;;;;;
TC-JYL;42010;;;;;;;;;;;;;;;;;;;;;;
TC-JYM;42011;;;;;;;;;;;;;;;;;;;;;;
TC-JYN;42012;;;;;;;;;;;;;;;;;;;;;;
TC-JYO;42013;;;;;;;;;;;;;;;;;;;;;;
TC-JYP;42014;;;;;;;;;;;;;;;;;;;;;;
TC-JZA;172S10964;;;;;;;;;;;;;;;;;;;;;;
TC-JZB;172S11007;;;;;;;;;;;;;;;;;;;;;;
TC-JZD;172S11012;;;;;;;;;;;;;;;;;;;;;;
TC-JZE;60026;;;;;;;;;;;;;;;;;;;;;;
TC-JZF;60027;;;;;;;;;;;;;;;;;;;;;;
TC-JZG;60028;;;;;;;;;;;;;;;;;;;;;;
TC-JZH;60029;;;;;;;;;;;;;;;;;;;;;;
TC-JZJ;34995;;;;;;;;;;;;;;;;;;;;;;
TC-JZK;34996;;;;;;;;;;;;;;;;;;;;;;
TC-JZL;34999;;;;;;;;;;;;;;;;;;;;;;
TC-JZN;39026;;;;;;;;;;;;;;;;;;;;;;
TC-JZO;39027;;;;;;;;;;;;;;;;;;;;;;
TC-JZR;39030;;;;;;;;;;;;;;;;;;;;;;
TC-JZS;39031;;;;;;;;;;;;;;;;;;;;;;
TC-JZT;39032;;;;;;;;;;;;;;;;;;;;;;
TC-JZU;40316;;;;;;;;;;;;;;;;;;;;;;
TC-JZV;40319;;;;;;;;;;;;;;;;;;;;;;
TC-JZZ;60176;;;;;;;;;;;;;;;;;;;;;;
TC-KHG;5459;;;;;;;;;;;;;;;;;;;;;;
TC-KLN;5914;;;;;;;;;;;;;;;;;;;;;;
TC-KUT;5946;;;;;;;;;;;;;;;;;;;;;;
TC-LAA;560-0212;;;;;;;;;;;;;;;;;;;;;;
TC-LAB;560-0216;;;;;;;;;;;;;;;;;;;;;;
TC-LAE;44656;;;;;;;;;;;;;;;;;;;;;;
TC-LAF;65741;;;;;;;;;;;;;;;;;;;;;;
TC-LAG;61810;;;;;;;;;;;;;;;;;;;;;;
TC-LAH;61845;;;;;;;;;;;;;;;;;;;;;;
TC-LAI;64947;;;;;;;;;;;;;;;;;;;;;;
TC-LAJ;61811;;;;;;;;;;;;;;;;;;;;;;
TC-LAK;61848;;;;;;;;;;;;;;;;;;;;;;
TC-LCA;60032;;;;;;;;;;;;;;;;;;;;;;
TC-LCB;60033;;;;;;;;;;;;;;;;;;;;;;
TC-LCC;60034;;;;;;;;;;;;;;;;;;;;;;
TC-LCD;60035;;;;;;;;;;;;;;;;;;;;;;
TC-LCE;60036;;;;;;;;;;;;;;;;;;;;;;
TC-LCF;60037;;;;;;;;;;;;;;;;;;;;;;
TC-LCG;60038;;;;;;;;;;;;;;;;;;;;;;
TC-LCH;60040;;;;;;;;;;;;;;;;;;;;;;
TC-LCI;60042;;;;;;;;;;;;;;;;;;;;;;
TC-LCJ;60052;;;;;;;;;;;;;;;;;;;;;;
TC-LCK;60053;;;;;;;;;;;;;;;;;;;;;;
TC-LCL;60054;;;;;;;;;;;;;;;;;;;;;;
TC-LCM;60055;;;;;;;;;;;;;;;;;;;;;;
TC-LCN;60056;;;;;;;;;;;;;;;;;;;;;;
TC-LCO;60057;;;;;;;;;;;;;;;;;;;;;;
TC-LCP;60058;;;;;;;;;;;;;;;;;;;;;;
TC-LCR;60059;;;;;;;;;;;;;;;;;;;;;;
TC-LCS;60060;;;;;;;;;;;;;;;;;;;;;;
TC-LCT;60061;;;;;;;;;;;;;;;;;;;;;;
TC-LCU;60068;;;;;;;;;;;;;;;;;;;;;;
TC-LER;646;;;;;;;;;;;;;;;;;;;;;;
TC-LGA;00403;;;;;;;;;;;;;;;;;;;;;;
TC-LGB;00421;;;;;;;;;;;;;;;;;;;;;;
TC-LGC;00435;;;;;;;;;;;;;;;;;;;;;;
TC-LGD;00442;;;;;;;;;;;;;;;;;;;;;;
TC-LGE;00454;;;;;;;;;;;;;;;;;;;;;;
TC-LGF;00496;;;;;;;;;;;;;;;;;;;;;;
TC-LGG;00565;;;;;;;;;;;;;;;;;;;;;;
TC-LGH;00596;;;;;;;;;;;;;;;;;;;;;;
TC-LGI;00457;;;;;;;;;;;;;;;;;;;;;;
TC-LGJ;00463;;;;;;;;;;;;;;;;;;;;;;
TC-LGK;00471;;;;;;;;;;;;;;;;;;;;;;
TC-LGL;00493;;;;;;;;;;;;;;;;;;;;;;
TC-LJA;44121;;;;;;;;;;;;;;;;;;;;;;
TC-LJB;44124;;;;;;;;;;;;;;;;;;;;;;
TC-LJC;44123;;;;;;;;;;;;;;;;;;;;;;
TC-LJD;44125;;;;;;;;;;;;;;;;;;;;;;
TC-LJE;44126;;;;;;;;;;;;;;;;;;;;;;
TC-LJF;44127;;;;;;;;;;;;;;;;;;;;;;
TC-LJG;44128;;;;;;;;;;;;;;;;;;;;;;
TC-LJH;44129;;;;;;;;;;;;;;;;;;;;;;
TC-LJI;44130;;;;;;;;;;;;;;;;;;;;;;
TC-LJJ;60405;;;;;;;;;;;;;;;;;;;;;;
TC-LJK;60402;;;;;;;;;;;;;;;;;;;;;;
TC-LJL;60403;;;;;;;;;;;;;;;;;;;;;;
TC-LJM;60404;;;;;;;;;;;;;;;;;;;;;;
TC-LJN;65742;;;;;;;;;;;;;;;;;;;;;;
TC-LJO;65743;;;;;;;;;;;;;;;;;;;;;;
TC-LJP;65744;;;;;;;;;;;;;;;;;;;;;;
TC-LJR;66578;;;;;;;;;;;;;;;;;;;;;;
TC-LJS;66579;;;;;;;;;;;;;;;;;;;;;;
TC-LJT;66580;;;;;;;;;;;;;;;;;;;;;;
TC-LKA;41818;;;;;;;;;;;;;;;;;;;;;;
TC-LKB;41819;;;;;;;;;;;;;;;;;;;;;;
TC-LKC;42097;;;;;;;;;;;;;;;;;;;;;;
TC-LKD;35783;;;;;;;;;;;;;;;;;;;;;;
TC-LKE;32729;;;;;;;;;;;;;;;;;;;;;;
TC-LKF;32714;;;;;;;;;;;;;;;;;;;;;;
TC-LLA;65801;;;;;;;;;;;;;;;;;;;;;;
TC-LLB;65802;;;;;;;;;;;;;;;;;;;;;;
TC-LLC;65803;;;;;;;;;;;;;;;;;;;;;;
TC-LLD;65804;;;;;;;;;;;;;;;;;;;;;;
TC-LLE;65805;;;;;;;;;;;;;;;;;;;;;;
TC-LLF;65806;;;;;;;;;;;;;;;;;;;;;;
TC-LLG;65807;;;;;;;;;;;;;;;;;;;;;;
TC-LLH;65808;;;;;;;;;;;;;;;;;;;;;;
TC-LLI;65809;;;;;;;;;;;;;;;;;;;;;;
TC-LLJ;65810;;;;;;;;;;;;;;;;;;;;;;
TC-LLK;65811;;;;;;;;;;;;;;;;;;;;;;
TC-LLM;65812;;;;;;;;;;;;;;;;;;;;;;
TC-LLN;65813;;;;;;;;;;;;;;;;;;;;;;
TC-LLO;65814;;;;;;;;;;;;;;;;;;;;;;
TC-LLP;65815;;;;;;;;;;;;;;;;;;;;;;
TC-LLR;65816;;;;;;;;;;;;;;;;;;;;;;
TC-LLS;65817;;;;;;;;;;;;;;;;;;;;;;
TC-LLT;65818;;;;;;;;;;;;;;;;;;;;;;
TC-LLU;65819;;;;;;;;;;;;;;;;;;;;;;
TC-LNA;874;;;;;;;;;;;;;;;;;;;;;;
TC-LNB;939;;;;;;;;;;;;;;;;;;;;;;
TC-LNC;1696;;;;;;;;;;;;;;;;;;;;;;
TC-LND;1704;;;;;;;;;;;;;;;;;;;;;;
TC-LNE;1706;;;;;;;;;;;;;;;;;;;;;;
TC-LNF;1713;;;;;;;;;;;;;;;;;;;;;;
TC-LNG;1718;;;;;;;;;;;;;;;;;;;;;;
TC-LOA;1483;;;;;;;;;;;;;;;;;;;;;;
TC-LOB;1491;;;;;;;;;;;;;;;;;;;;;;
TC-LOC;1542;;;;;;;;;;;;;;;;;;;;;;
TC-LOD;1554;;;;;;;;;;;;;;;;;;;;;;
TC-LOE;1592;;;;;;;;;;;;;;;;;;;;;;
TC-LOF;1635;;;;;;;;;;;;;;;;;;;;;;
TC-LOG;1651;;;;;;;;;;;;;;;;;;;;;;
TC-LOH;1213;;;;;;;;;;;;;;;;;;;;;;
TC-LOI;1221;;;;;;;;;;;;;;;;;;;;;;
TC-LOJ;01607;;;;;;;;;;;;;;;;;;;;;;
TC-LOK;01624;;;;;;;;;;;;;;;;;;;;;;
TC-LOL;1098;;;;;;;;;;;;;;;;;;;;;;
TC-LSA;08155;;;;;;;;;;;;;;;;;;;;;;
TC-LSB;08257;;;;;;;;;;;;;;;;;;;;;;
TC-LSC;08617;;;;;;;;;;;;;;;;;;;;;;
TC-LSD;08727;;;;;;;;;;;;;;;;;;;;;;
TC-LSE;08732;;;;;;;;;;;;;;;;;;;;;;
TC-LSF;08740;;;;;;;;;;;;;;;;;;;;;;
TC-LSG;08794;;;;;;;;;;;;;;;;;;;;;;
TC-LSH;08919;;;;;;;;;;;;;;;;;;;;;;
TC-LSJ;08957;;;;;;;;;;;;;;;;;;;;;;
TC-LSK;09082;;;;;;;;;;;;;;;;;;;;;;
TC-LSL;09000;;;;;;;;;;;;;;;;;;;;;;
TC-LSM;09044;;;;;;;;;;;;;;;;;;;;;;
TC-LSN;09076;;;;;;;;;;;;;;;;;;;;;;
TC-LSO;09095;;;;;;;;;;;;;;;;;;;;;;
TC-LSP;09109;;;;;;;;;;;;;;;;;;;;;;
TC-LSR;09138;;;;;;;;;;;;;;;;;;;;;;
TC-LSS;09157;;;;;;;;;;;;;;;;;;;;;;
TC-LST;09326;;;;;;;;;;;;;;;;;;;;;;
TC-LSU;09376;;;;;;;;;;;;;;;;;;;;;;
TC-LSV;09496;;;;;;;;;;;;;;;;;;;;;;
TC-LSY;09415;;;;;;;;;;;;;;;;;;;;;;
TC-LSZ;09452;;;;;;;;;;;;;;;;;;;;;;
TC-LTA;09567;;;;;;;;;;;;;;;;;;;;;;
TC-LTB;10125;;;;;;;;;;;;;;;;;;;;;;
TC-LTC;10143;;;;;;;;;;;;;;;;;;;;;;
TC-LTD;10222;;;;;;;;;;;;;;;;;;;;;;
TC-LTE;10259;;;;;;;;;;;;;;;;;;;;;;
TC-LTF;10346;;;;;;;;;;;;;;;;;;;;;;
TC-LTG;10375;;;;;;;;;;;;;;;;;;;;;;
TC-LTH;10382;;;;;;;;;;;;;;;;;;;;;;
TC-LTI;10367;;;;;;;;;;;;;;;;;;;;;;
TC-LTJ;10723;;;;;;;;;;;;;;;;;;;;;;
TC-LTK;10751;;;;;;;;;;;;;;;;;;;;;;
TC-LTL;10878;;;;;;;;;;;;;;;;;;;;;;
TC-LTM;10854;;;;;;;;;;;;;;;;;;;;;;
TC-LTN;11048;;;;;;;;;;;;;;;;;;;;;;
TC-LTO;10947;;;;;;;;;;;;;;;;;;;;;;
TC-LTP;11148;;;;;;;;;;;;;;;;;;;;;;
TC-LTR;11212;;;;;;;;;;;;;;;;;;;;;;
TC-LTS;11110;;;;;;;;;;;;;;;;;;;;;;
TC-LTT;11144;;;;;;;;;;;;;;;;;;;;;;
TC-LTU;11239;;;;;;;;;;;;;;;;;;;;;;
TC-LTV;11312;;;;;;;;;;;;;;;;;;;;;;
TC-LTY;11390;;;;;;;;;;;;;;;;;;;;;;
TC-LTZ;11249;;;;;;;;;;;;;;;;;;;;;;
TC-LUA;10128;;;;;;;;;;;;;;;;;;;;;;
TC-LUB;10272;;;;;;;;;;;;;;;;;;;;;;
TC-LUC;10275;;;;;;;;;;;;;;;;;;;;;;
TC-LUD;10317;;;;;;;;;;;;;;;;;;;;;;
TC-LUE;10331;;;;;;;;;;;;;;;;;;;;;;
TC-LUF;10380;;;;;;;;;;;;;;;;;;;;;;
TC-LUG;10434;;;;;;;;;;;;;;;;;;;;;;
TC-LUH;10441;;;;;;;;;;;;;;;;;;;;;;
TC-LUI;10756;;;;;;;;;;;;;;;;;;;;;;
TC-LUJ;10883;;;;;;;;;;;;;;;;;;;;;;
TC-LUK;11103;;;;;;;;;;;;;;;;;;;;;;
TC-LUL;11090;;;;;;;;;;;;;;;;;;;;;;
TC-LUM;10973;;;;;;;;;;;;;;;;;;;;;;
TC-LUN;11037;;;;;;;;;;;;;;;;;;;;;;
TC-LUO;11147;;;;;;;;;;;;;;;;;;;;;;
TC-LYA;60062;;;;;;;;;;;;;;;;;;;;;;
TC-LYB;60063;;;;;;;;;;;;;;;;;;;;;;
TC-LYC;60064;;;;;;;;;;;;;;;;;;;;;;
TC-LYD;60065;;;;;;;;;;;;;;;;;;;;;;
TC-LYE;60066;;;;;;;;;;;;;;;;;;;;;;
TC-MAA;6402;;;;;;;;;;;;;;;;;;;;;;
TC-MAO;0;;;;;;;;;;;;;;;;;;;;;;
TC-MCA;755;;;;;;;;;;;;;;;;;;;;;;
TC-MCC;734;;;;;;;;;;;;;;;;;;;;;;
TC-MCD;521;;;;;;;;;;;;;;;;;;;;;;
TC-MCE;525;;;;;;;;;;;;;;;;;;;;;;
TC-MCG;739;;;;;;;;;;;;;;;;;;;;;;
TC-MCM;879;;;;;;;;;;;;;;;;;;;;;;
TC-MCN;889;;;;;;;;;;;;;;;;;;;;;;
TC-MCT;26559;;;;;;;;;;;;;;;;;;;;;;
TC-MCZ;1332;;;;;;;;;;;;;;;;;;;;;;
TC-MKB;65901;;;;;;;;;;;;;;;;;;;;;;
TC-MKC;65900;;;;;;;;;;;;;;;;;;;;;;
TC-MKD;65186;;;;;;;;;;;;;;;;;;;;;;
TC-MKE;43334;;;;;;;;;;;;;;;;;;;;;;
TC-MKF;43340;;;;;;;;;;;;;;;;;;;;;;
TC-MKS;64936;;;;;;;;;;;;;;;;;;;;;;
TC-MKZ;61855;;;;;;;;;;;;;;;;;;;;;;
TC-MNV;758;;;;;;;;;;;;;;;;;;;;;;
TC-MZA;4249;;;;;;;;;;;;;;;;;;;;;;
TC-MZH;1224;;;;;;;;;;;;;;;;;;;;;;
TC-NBA;7140;;;;;;;;;;;;;;;;;;;;;;
TC-NBB;7147;;;;;;;;;;;;;;;;;;;;;;
TC-NBC;7185;;;;;;;;;;;;;;;;;;;;;;
TC-NBD;7162;;;;;;;;;;;;;;;;;;;;;;
TC-NBE;7380;;;;;;;;;;;;;;;;;;;;;;
TC-NBF;7321;;;;;;;;;;;;;;;;;;;;;;
TC-NBG;7359;;;;;;;;;;;;;;;;;;;;;;
TC-NBH;7399;;;;;;;;;;;;;;;;;;;;;;
TC-NBI;7429;;;;;;;;;;;;;;;;;;;;;;
TC-NBJ;7703;;;;;;;;;;;;;;;;;;;;;;
TC-NBK;7786;;;;;;;;;;;;;;;;;;;;;;
TC-NBL;7850;;;;;;;;;;;;;;;;;;;;;;
TC-NBM;7990;;;;;;;;;;;;;;;;;;;;;;
TC-NBN;8020;;;;;;;;;;;;;;;;;;;;;;
TC-NBO;8048;;;;;;;;;;;;;;;;;;;;;;
TC-NBP;8113;;;;;;;;;;;;;;;;;;;;;;
TC-NBR;8136;;;;;;;;;;;;;;;;;;;;;;
TC-NBS;8198;;;;;;;;;;;;;;;;;;;;;;
TC-NBT;8214;;;;;;;;;;;;;;;;;;;;;;
TC-NBU;8247;;;;;;;;;;;;;;;;;;;;;;
TC-NBV;8272;;;;;;;;;;;;;;;;;;;;;;
TC-NBY;8292;;;;;;;;;;;;;;;;;;;;;;
TC-NBZ;8792;;;;;;;;;;;;;;;;;;;;;;
TC-NCA;8868;;;;;;;;;;;;;;;;;;;;;;
TC-NCB;8884;;;;;;;;;;;;;;;;;;;;;;
TC-NCC;8904;;;;;;;;;;;;;;;;;;;;;;
TC-NCD;9114;;;;;;;;;;;;;;;;;;;;;;
TC-NCE;8875;;;;;;;;;;;;;;;;;;;;;;
TC-NCF;8956;;;;;;;;;;;;;;;;;;;;;;
TC-NCG;8863;;;;;;;;;;;;;;;;;;;;;;
TC-NCH;8962;;;;;;;;;;;;;;;;;;;;;;
TC-NCI;9373;;;;;;;;;;;;;;;;;;;;;;
TC-NCJ;09307;;;;;;;;;;;;;;;;;;;;;;
TC-NCK;9393;;;;;;;;;;;;;;;;;;;;;;
TC-NCL;9411;;;;;;;;;;;;;;;;;;;;;;
TC-NCM;9488;;;;;;;;;;;;;;;;;;;;;;
TC-NCN;9491;;;;;;;;;;;;;;;;;;;;;;
TC-NCO;10096;;;;;;;;;;;;;;;;;;;;;;
TC-NCP;9576;;;;;;;;;;;;;;;;;;;;;;
TC-NCS;10166;;;;;;;;;;;;;;;;;;;;;;
TC-NCT;10269;;;;;;;;;;;;;;;;;;;;;;
TC-NCU;10404;;;;;;;;;;;;;;;;;;;;;;
TC-NCV;10453;;;;;;;;;;;;;;;;;;;;;;
TC-NCY;10465;;;;;;;;;;;;;;;;;;;;;;
TC-NCZ;10527;;;;;;;;;;;;;;;;;;;;;;
TC-NKA;4321;;;;;;;;;;;;;;;;;;;;;;
TC-NYA;497;;;;;;;;;;;;;;;;;;;;;;
TC-NYB;597;;;;;;;;;;;;;;;;;;;;;;
TC-NYP;1082;;;;;;;;;;;;;;;;;;;;;;
TC-OBG;916;;;;;;;;;;;;;;;;;;;;;;
TC-OBK;792;;;;;;;;;;;;;;;;;;;;;;
TC-OBS;543;;;;;;;;;;;;;;;;;;;;;;
TC-OBU;661;;;;;;;;;;;;;;;;;;;;;;
TC-OBV;806;;;;;;;;;;;;;;;;;;;;;;
TC-OBY;810;;;;;;;;;;;;;;;;;;;;;;
TC-OCA;72;;;;;;;;;;;;;;;;;;;;;;
TC-OCB;98;;;;;;;;;;;;;;;;;;;;;;
TC-OCC;143;;;;;;;;;;;;;;;;;;;;;;
TC-OCD;87;;;;;;;;;;;;;;;;;;;;;;
TC-OCE;353;;;;;;;;;;;;;;;;;;;;;;
TC-OCF;362;;;;;;;;;;;;;;;;;;;;;;
TC-OCG;345;;;;;;;;;;;;;;;;;;;;;;
TC-OCH;437;;;;;;;;;;;;;;;;;;;;;;
TC-OCI;625;;;;;;;;;;;;;;;;;;;;;;
TC-OCJ;632;;;;;;;;;;;;;;;;;;;;;;
TC-OCK;404;;;;;;;;;;;;;;;;;;;;;;
TC-OCL;316;;;;;;;;;;;;;;;;;;;;;;
TC-OCM;491;;;;;;;;;;;;;;;;;;;;;;
TC-OCN;509;;;;;;;;;;;;;;;;;;;;;;
TC-OCO;525;;;;;;;;;;;;;;;;;;;;;;
TC-OCS;908;;;;;;;;;;;;;;;;;;;;;;
TC-OCV;501;;;;;;;;;;;;;;;;;;;;;;
TC-ODA;912;;;;;;;;;;;;;;;;;;;;;;
TC-ODB;580;;;;;;;;;;;;;;;;;;;;;;
TC-ODC;3570;;;;;;;;;;;;;;;;;;;;;;
TC-ODD;2594;;;;;;;;;;;;;;;;;;;;;;
TC-ODE;2663;;;;;;;;;;;;;;;;;;;;;;
TC-OEA;771;;;;;;;;;;;;;;;;;;;;;;
TC-OEC;974;;;;;;;;;;;;;;;;;;;;;;
TC-OED;7694;;;;;;;;;;;;;;;;;;;;;;
TC-OEE;8085;;;;;;;;;;;;;;;;;;;;;;
TC-ONJ;385;;;;;;;;;;;;;;;;;;;;;;
TC-ONS;364;;;;;;;;;;;;;;;;;;;;;;
TC-ONUR;ONUR;;;;;;;;;;;;;;;;;;;;;;
TC-PIB;0;;;;;;;;;;;;;;;;;;;;;;
TC-PIC;0;;;;;;;;;;;;;;;;;;;;;;
TC-PID;0;;;;;;;;;;;;;;;;;;;;;;
TC-PIE;0;;;;;;;;;;;;;;;;;;;;;;
TC-RBA;8936;;;;;;;;;;;;;;;;;;;;;;
TC-RBB;8979;;;;;;;;;;;;;;;;;;;;;;
TC-RBC;09281;;;;;;;;;;;;;;;;;;;;;;
TC-RBD;09349;;;;;;;;;;;;;;;;;;;;;;
TC-RBE;09462;;;;;;;;;;;;;;;;;;;;;;
TC-RBF;9495;;;;;;;;;;;;;;;;;;;;;;
TC-RBG;10007;;;;;;;;;;;;;;;;;;;;;;
TC-RBH;10523;;;;;;;;;;;;;;;;;;;;;;
TC-RBI;10834;;;;;;;;;;;;;;;;;;;;;;
TC-RBJ;10639;;;;;;;;;;;;;;;;;;;;;;
TC-RBK;10679;;;;;;;;;;;;;;;;;;;;;;
TC-RBL;10611;;;;;;;;;;;;;;;;;;;;;;
TC-RBM;10739;;;;;;;;;;;;;;;;;;;;;;
TC-RBN;10913;;;;;;;;;;;;;;;;;;;;;;
TC-RBO;10814;;;;;;;;;;;;;;;;;;;;;;
TC-RBP;10962;;;;;;;;;;;;;;;;;;;;;;
TC-RBR;11029;;;;;;;;;;;;;;;;;;;;;;
TC-RBS;10953;;;;;;;;;;;;;;;;;;;;;;
TC-RBT;10924;;;;;;;;;;;;;;;;;;;;;;
TC-RBU;10917;;;;;;;;;;;;;;;;;;;;;;
TC-RBV;10925;;;;;;;;;;;;;;;;;;;;;;
TC-RBY;10976;;;;;;;;;;;;;;;;;;;;;;
TC-RBZ;10938;;;;;;;;;;;;;;;;;;;;;;
TC-REC;4246;;;;;;;;;;;;;;;;;;;;;;
TC-SAE;34757;;;;;;;;;;;;;;;;;;;;;;
TC-SAH;35092;;;;;;;;;;;;;;;;;;;;;;
TC-SAI;33818 ;;;;;;;;;;;;;;;;;;;;;;
TC-SAJ;33819;;;;;;;;;;;;;;;;;;;;;;
TC-SAK;33820;;;;;;;;;;;;;;;;;;;;;;
TC-SAL;34758;;;;;;;;;;;;;;;;;;;;;;
TC-SAO;34753;;;;;;;;;;;;;;;;;;;;;;
TC-SAP;34755;;;;;;;;;;;;;;;;;;;;;;
TC-SAU;34958;;;;;;;;;;;;;;;;;;;;;;
TC-SAV;34959 ;;;;;;;;;;;;;;;;;;;;;;
TC-SAZ;34759;;;;;;;;;;;;;;;;;;;;;;
TC-SBB;34760;;;;;;;;;;;;;;;;;;;;;;
TC-SBE;29644;;;;;;;;;;;;;;;;;;;;;;
TC-SBF;30296;;;;;;;;;;;;;;;;;;;;;;
TC-SBG;28071;;;;;;;;;;;;;;;;;;;;;;
TC-SBI;29920;;;;;;;;;;;;;;;;;;;;;;
TC-SBJ;29916;;;;;;;;;;;;;;;;;;;;;;
TC-SBM;29918;;;;;;;;;;;;;;;;;;;;;;
TC-SBN;32690;;;;;;;;;;;;;;;;;;;;;;
TC-SBP;32672;;;;;;;;;;;;;;;;;;;;;;
TC-SBR;32693;;;;;;;;;;;;;;;;;;;;;;
TC-SBS;29917;;;;;;;;;;;;;;;;;;;;;;
TC-SBV;32736;;;;;;;;;;;;;;;;;;;;;;
TC-SBZ;28628;;;;;;;;;;;;;;;;;;;;;;
TC-SCD;41805;;;;;;;;;;;;;;;;;;;;;;
TC-SCE;41808;;;;;;;;;;;;;;;;;;;;;;
TC-SCF;40554;;;;;;;;;;;;;;;;;;;;;;
TC-SCG;40555;;;;;;;;;;;;;;;;;;;;;;
TC-SCK;39428;;;;;;;;;;;;;;;;;;;;;;
TC-SCL;39430;;;;;;;;;;;;;;;;;;;;;;
TC-SED;32361;;;;;;;;;;;;;;;;;;;;;;
TC-SEE;32363;;;;;;;;;;;;;;;;;;;;;;
TC-SEI;61170;;;;;;;;;;;;;;;;;;;;;;
TC-SEJ;61171;;;;;;;;;;;;;;;;;;;;;;
TC-SEK;61172;;;;;;;;;;;;;;;;;;;;;;
TC-SEM;61173;;;;;;;;;;;;;;;;;;;;;;
TC-SEN;61174;;;;;;;;;;;;;;;;;;;;;;
TC-SEO;61178;;;;;;;;;;;;;;;;;;;;;;
TC-SEP;61180;;;;;;;;;;;;;;;;;;;;;;
TC-SEU;61181;;;;;;;;;;;;;;;;;;;;;;
TC-SEY;61182;;;;;;;;;;;;;;;;;;;;;;
TC-SEZ;61183;;;;;;;;;;;;;;;;;;;;;;
TC-SGM;592;;;;;;;;;;;;;;;;;;;;;;
TC-SGX;37751;;;;;;;;;;;;;;;;;;;;;;
TC-SMA;63603;;;;;;;;;;;;;;;;;;;;;;
TC-SMB;63604;;;;;;;;;;;;;;;;;;;;;;
TC-SMD;63605;;;;;;;;;;;;;;;;;;;;;;
TC-SME;63607;;;;;;;;;;;;;;;;;;;;;;
TC-SNF;36529;;;;;;;;;;;;;;;;;;;;;;
TC-SNG;36530;;;;;;;;;;;;;;;;;;;;;;
TC-SNH;30826;;;;;;;;;;;;;;;;;;;;;;
TC-SNI;29671;;;;;;;;;;;;;;;;;;;;;;
TC-SNJ;30827;;;;;;;;;;;;;;;;;;;;;;
TC-SNM;33023;;;;;;;;;;;;;;;;;;;;;;
TC-SNN;40775;;;;;;;;;;;;;;;;;;;;;;
TC-SNO;40776 ;;;;;;;;;;;;;;;;;;;;;;
TC-SNP;40777;;;;;;;;;;;;;;;;;;;;;;
TC-SNR;40754;;;;;;;;;;;;;;;;;;;;;;
TC-SNT;40755;;;;;;;;;;;;;;;;;;;;;;
TC-SNU;40756;;;;;;;;;;;;;;;;;;;;;;
TC-SNV;28072;;;;;;;;;;;;;;;;;;;;;;
TC-SNY;27981;;;;;;;;;;;;;;;;;;;;;;
TC-SNZ;28616;;;;;;;;;;;;;;;;;;;;;;
TC-SOA;61184;;;;;;;;;;;;;;;;;;;;;;
TC-SOB;61175;;;;;;;;;;;;;;;;;;;;;;
TC-SOC;61333;;;;;;;;;;;;;;;;;;;;;;
TC-SOD;61176;;;;;;;;;;;;;;;;;;;;;;
TC-SOE;61177;;;;;;;;;;;;;;;;;;;;;;
TC-SOF;61191;;;;;;;;;;;;;;;;;;;;;;
TC-SOG;61179;;;;;;;;;;;;;;;;;;;;;;
TC-SOH;61193;;;;;;;;;;;;;;;;;;;;;;
TC-SOI;61200;;;;;;;;;;;;;;;;;;;;;;
TC-SOJ;61201;;;;;;;;;;;;;;;;;;;;;;
TC-SOK;61202;;;;;;;;;;;;;;;;;;;;;;
TC-SOL;61203;;;;;;;;;;;;;;;;;;;;;;
TC-SOM;61204;;;;;;;;;;;;;;;;;;;;;;
TC-SON;30827;;;;;;;;;;;;;;;;;;;;;;
TC-SOO;33558;;;;;;;;;;;;;;;;;;;;;;
TC-SOP;33562;;;;;;;;;;;;;;;;;;;;;;
TC-SOR;33563;;;;;;;;;;;;;;;;;;;;;;
TC-SOT;28178;;;;;;;;;;;;;;;;;;;;;;
TC-SOU;30420;;;;;;;;;;;;;;;;;;;;;;
TC-SOV;40776;;;;;;;;;;;;;;;;;;;;;;
TC-SOY;40777;;;;;;;;;;;;;;;;;;;;;;
TC-SOZ;29649;;;;;;;;;;;;;;;;;;;;;;
TC-SPA;29684;;;;;;;;;;;;;;;;;;;;;;
TC-SPB;30272;;;;;;;;;;;;;;;;;;;;;;
TC-SPC;34894;;;;;;;;;;;;;;;;;;;;;;
TC-SPD;34985;;;;;;;;;;;;;;;;;;;;;;
TC-SPE;36530;;;;;;;;;;;;;;;;;;;;;;
TC-SPF;39093;;;;;;;;;;;;;;;;;;;;;;
TC-SPG;30806;;;;;;;;;;;;;;;;;;;;;;
TC-SPH;38177;;;;;;;;;;;;;;;;;;;;;;
TC-SPI;40725;;;;;;;;;;;;;;;;;;;;;;
TC-SPJ;40720;;;;;;;;;;;;;;;;;;;;;;
TC-SUA;0;;;;;;;;;;;;;;;;;;;;;;
TC-SUB;0;;;;;;;;;;;;;;;;;;;;;;
TC-SUC;0;;;;;;;;;;;;;;;;;;;;;;
TC-SUD;0;;;;;;;;;;;;;;;;;;;;;;
TC-SUE;0;;;;;;;;;;;;;;;;;;;;;;
TC-SUF;0;;;;;;;;;;;;;;;;;;;;;;
TC-SUO;30272;;;;;;;;;;;;;;;;;;;;;;
TC-SUU;30274;;;;;;;;;;;;;;;;;;;;;;
TC-SUY;30806;;;;;;;;;;;;;;;;;;;;;;
TC-TAF;172S12794;;;;;;;;;;;;;;;;;;;;;;
TC-TAH;42.N011;;;;;;;;;;;;;;;;;;;;;;
TC-TAK;172S10854;;;;;;;;;;;;;;;;;;;;;;
TC-TAL;172S10869;;;;;;;;;;;;;;;;;;;;;;
TC-TAM;172S10882;;;;;;;;;;;;;;;;;;;;;;
TC-TAO;172S10900;;;;;;;;;;;;;;;;;;;;;;
TC-TAP;42-244;;;;;;;;;;;;;;;;;;;;;;
TC-TAS;172S10107;;;;;;;;;;;;;;;;;;;;;;
TC-TAZ;172S10106;;;;;;;;;;;;;;;;;;;;;;
TC-TBB;40.N146;;;;;;;;;;;;;;;;;;;;;;
TC-TBC;40.N147;;;;;;;;;;;;;;;;;;;;;;
TC-TBD;40.N165;;;;;;;;;;;;;;;;;;;;;;
TC-TBE;40.N166;;;;;;;;;;;;;;;;;;;;;;
TC-TBF;40.N167;;;;;;;;;;;;;;;;;;;;;;
TC-TBG;40.N168;;;;;;;;;;;;;;;;;;;;;;
TC-TBH;172S11407;;;;;;;;;;;;;;;;;;;;;;
TC-TBI;172S11408;;;;;;;;;;;;;;;;;;;;;;
TC-TBJ;172S11409;;;;;;;;;;;;;;;;;;;;;;
TC-TDA;42.N062;;;;;;;;;;;;;;;;;;;;;;
TC-TDB;42.N063;;;;;;;;;;;;;;;;;;;;;;
TC-TDC;42.N064;;;;;;;;;;;;;;;;;;;;;;
TC-TDD;42.N065;;;;;;;;;;;;;;;;;;;;;;
TC-TDE;42.N066;;;;;;;;;;;;;;;;;;;;;;
TC-TDF;42.N067;;;;;;;;;;;;;;;;;;;;;;
TC-THF;0;;;;;;;;;;;;;;;;;;;;;;
TC-TJI;29246;;;;;;;;;;;;;;;;;;;;;;
TC-TJJ;29247;;;;;;;;;;;;;;;;;;;;;;
TC-TJN;28535;;;;;;;;;;;;;;;;;;;;;;
TC-TJO;34253;;;;;;;;;;;;;;;;;;;;;;
TC-TJP;33022;;;;;;;;;;;;;;;;;;;;;;
TC-TJR;40723;;;;;;;;;;;;;;;;;;;;;;
TC-TJS;34252;;;;;;;;;;;;;;;;;;;;;;
TC-TJT;36529;;;;;;;;;;;;;;;;;;;;;;
TC-TJU;29681;;;;;;;;;;;;;;;;;;;;;;
TC-TJV;37740;;;;;;;;;;;;;;;;;;;;;;
TC-TJY;34991;;;;;;;;;;;;;;;;;;;;;;
TC-TMT;0;;;;;;;;;;;;;;;;;;;;;;
TC-TRH;4205;;;;;;;;;;;;;;;;;;;;;;
TC-TRK;42096;;;;;;;;;;;;;;;;;;;;;;
TC-TRN;24699;;;;;;;;;;;;;;;;;;;;;;
TC-TRY;8056;;;;;;;;;;;;;;;;;;;;;;
TC-TTC;5284;;;;;;;;;;;;;;;;;;;;;;
TC-TTT;72073;;;;;;;;;;;;;;;;;;;;;;
TC-TUR;1240;;;;;;;;;;;;;;;;;;;;;;
TC-VED;8056;;;;;;;;;;;;;;;;;;;;;;
TC-VEL;622;;;;;;;;;;;;;;;;;;;;;;
TC-VTN;4239;;;;;;;;;;;;;;;;;;;;;;
TC-YAG;19000263;;;;;;;;;;;;;;;;;;;;;;
TC-YAH;19000264;;;;;;;;;;;;;;;;;;;;;;
TC-YAI;19000201;;;;;;;;;;;;;;;;;;;;;;
TC-YAJ;19000230;;;;;;;;;;;;;;;;;;;;;;
TC-YAL;19000227;;;;;;;;;;;;;;;;;;;;;;
TC-YAO;19000069;;;;;;;;;;;;;;;;;;;;;;
TC-YAP;19000084;;;;;;;;;;;;;;;;;;;;;;
TC-YAR;19000093;;;;;;;;;;;;;;;;;;;;;;
TC-YAS;19000050;;;;;;;;;;;;;;;;;;;;;;
TC-YAT;19000067;;;;;;;;;;;;;;;;;;;;;;
TC-YAU;19000088;;;;;;;;;;;;;;;;;;;;;;
TEST;1;;;;;;;;;;;;;;;;;;;;;;
TS-IFM;1631;;;;;;;;;;;;;;;;;;;;;;
TS-IFN;1641;;;;;;;;;;;;;;;;;;;;;;
TTT-CBK;72073;;;;;;;;;;;;;;;;;;;;;;
UR-AJA;1213;;;;;;;;;;;;;;;;;;;;;;
UR-AJB;733;;;;;;;;;;;;;;;;;;;;;;
UR-AJC;1663;;;;;;;;;;;;;;;;;;;;;;
UR-AJD;1390;;;;;;;;;;;;;;;;;;;;;;
UR-AZE;27984;;;;;;;;;;;;;;;;;;;;;;
UR-AZF;30159;;;;;;;;;;;;;;;;;;;;;;
UR-GEA;25280;;;;;;;;;;;;;;;;;;;;;;
UR-GEB;25530;;;;;;;;;;;;;;;;;;;;;;
UR-GEC;25533;;;;;;;;;;;;;;;;;;;;;;
UR-GED;25536;;;;;;;;;;;;;;;;;;;;;;
UR-SQE;30034;;;;;;;;;;;;;;;;;;;;;;
UR-UTQ;30679;;;;;;;;;;;;;;;;;;;;;;
UR-WRQ;296;;;;;;;;;;;;;;;;;;;;;;
VP-BAU;30432;;;;;;;;;;;;;;;;;;;;;;
VP-BDI;29618;;;;;;;;;;;;;;;;;;;;;;
VP-BFC;40011;;;;;;;;;;;;;;;;;;;;;;
VP-BJF;32703;;;;;;;;;;;;;;;;;;;;;;
VP-BJG;32718;;;;;;;;;;;;;;;;;;;;;;
VP-BJJ;32719;;;;;;;;;;;;;;;;;;;;;;
VP-BJL;32639;;;;;;;;;;;;;;;;;;;;;;
VP-BJP;35299;;;;;;;;;;;;;;;;;;;;;;
VP-BKG;4878;;;;;;;;;;;;;;;;;;;;;;
VP-BOW;30040;;;;;;;;;;;;;;;;;;;;;;
VP-BOY;29435;;;;;;;;;;;;;;;;;;;;;;
VP-BPY;28247;;;;;;;;;;;;;;;;;;;;;;
VP-BRD;3120;;;;;;;;;;;;;;;;;;;;;;
VP-BSP;40872;;;;;;;;;;;;;;;;;;;;;;
VP-BSQ;60177;;;;;;;;;;;;;;;;;;;;;;
VP-BUA;979;;;;;;;;;;;;;;;;;;;;;;
VP-BUB;1002;;;;;;;;;;;;;;;;;;;;;;
VP-BUC;0635;;;;;;;;;;;;;;;;;;;;;;
VP-BUM;1361;;;;;;;;;;;;;;;;;;;;;;
VP-BUT;1266;;;;;;;;;;;;;;;;;;;;;;
VP-BVV;29200;;;;;;;;;;;;;;;;;;;;;;
VP-BWF;2144;;;;;;;;;;;;;;;;;;;;;;
VP-BYI;39403;;;;;;;;;;;;;;;;;;;;;;
VP-BYJ;38044;;;;;;;;;;;;;;;;;;;;;;
VP-BYU;1213;;;;;;;;;;;;;;;;;;;;;;
VP-BYV;1221;;;;;;;;;;;;;;;;;;;;;;
VP-BYW;41805;;;;;;;;;;;;;;;;;;;;;;
VP-BYX;41808;;;;;;;;;;;;;;;;;;;;;;
VP-BZT;35714;;;;;;;;;;;;;;;;;;;;;;
VP-BZU;35715;;;;;;;;;;;;;;;;;;;;;;
VP-BZV;35718;;;;;;;;;;;;;;;;;;;;;;
VP-BZY;35719;;;;;;;;;;;;;;;;;;;;;;
VP-CAL;40753;;;;;;;;;;;;;;;;;;;;;;
VP-CCE;5218;;;;;;;;;;;;;;;;;;;;;;
VP-CCU;34300;;;;;;;;;;;;;;;;;;;;;;
VP-CEK;4934;;;;;;;;;;;;;;;;;;;;;;
VP-CJQ;807;;;;;;;;;;;;;;;;;;;;;;
VP-CKN;6799;;;;;;;;;;;;;;;;;;;;;;
VP-CLP;3676;;;;;;;;;;;;;;;;;;;;;;
VP-CMC;4269;;;;;;;;;;;;;;;;;;;;;;
VP-CNE;4762;;;;;;;;;;;;;;;;;;;;;;
VP-CNF;5094;;;;;;;;;;;;;;;;;;;;;;
VP-CPE;5171;;;;;;;;;;;;;;;;;;;;;;
VP-CPI;5175;;;;;;;;;;;;;;;;;;;;;;
VP-CPJ;751;;;;;;;;;;;;;;;;;;;;;;
VP-CQL;3802;;;;;;;;;;;;;;;;;;;;;;
VP-CXC;2171;;;;;;;;;;;;;;;;;;;;;;
VP-CXD;2182;;;;;;;;;;;;;;;;;;;;;;
VP-CXE;2199;;;;;;;;;;;;;;;;;;;;;;
VP-CXF;1942;;;;;;;;;;;;;;;;;;;;;;
VP-CXG;1965;;;;;;;;;;;;;;;;;;;;;;
VP-CXH;3256;;;;;;;;;;;;;;;;;;;;;;
VP-CXI;3218;;;;;;;;;;;;;;;;;;;;;;
VP-CXJ;5716;;;;;;;;;;;;;;;;;;;;;;
VP-CXK;4055;;;;;;;;;;;;;;;;;;;;;;
VP-CXL;4735;;;;;;;;;;;;;;;;;;;;;;
VP-CXM;2776;;;;;;;;;;;;;;;;;;;;;;
VP-CXN;2569;;;;;;;;;;;;;;;;;;;;;;
VP-CXO;3868;;;;;;;;;;;;;;;;;;;;;;
VP-CXP;3889;;;;;;;;;;;;;;;;;;;;;;
VP-CXQ;3933;;;;;;;;;;;;;;;;;;;;;;
VP-CXR;3894;;;;;;;;;;;;;;;;;;;;;;
VP-CXS;3787;;;;;;;;;;;;;;;;;;;;;;
VP-CXT;3817;;;;;;;;;;;;;;;;;;;;;;
VP-CXV;3809;;;;;;;;;;;;;;;;;;;;;;
VP-CXW;3475;;;;;;;;;;;;;;;;;;;;;;
VP-CXX;3425;;;;;;;;;;;;;;;;;;;;;;
VP-CXY;3396;;;;;;;;;;;;;;;;;;;;;;
VP-CXZ;3361;;;;;;;;;;;;;;;;;;;;;;
VP-CYC;4061;;;;;;;;;;;;;;;;;;;;;;
VP-CYD;4699;;;;;;;;;;;;;;;;;;;;;;
VP-CYE;1866;;;;;;;;;;;;;;;;;;;;;;
VP-CYF;1872;;;;;;;;;;;;;;;;;;;;;;
VQ-BBL;40889;;;;;;;;;;;;;;;;;;;;;;
VQ-BBT;38033;;;;;;;;;;;;;;;;;;;;;;
VQ-BDD;37598;;;;;;;;;;;;;;;;;;;;;;
VQ-BDR;35828;;;;;;;;;;;;;;;;;;;;;;
VQ-BGL;32708;;;;;;;;;;;;;;;;;;;;;;
VQ-BGM;38043;;;;;;;;;;;;;;;;;;;;;;
VQ-BGP;32714;;;;;;;;;;;;;;;;;;;;;;
VQ-BMP;28617;;;;;;;;;;;;;;;;;;;;;;
VQ-BMW;32625;;;;;;;;;;;;;;;;;;;;;;
VQ-BOD;1233;;;;;;;;;;;;;;;;;;;;;;
VQ-BRT;7674;;;;;;;;;;;;;;;;;;;;;;
VQ-BSO;879;;;;;;;;;;;;;;;;;;;;;;
VQ-BTK;35302;;;;;;;;;;;;;;;;;;;;;;
VQ-BTQ;28207;;;;;;;;;;;;;;;;;;;;;;
VQ-BUD;27608;;;;;;;;;;;;;;;;;;;;;;
VQ-BUZ;27988;;;;;;;;;;;;;;;;;;;;;;
VQ-BXK;34432;;;;;;;;;;;;;;;;;;;;;;
VQ-BYZ;889;;;;;;;;;;;;;;;;;;;;;;
VQ-BZB;35783;;;;;;;;;;;;;;;;;;;;;;
VQ-BZC;32729;;;;;;;;;;;;;;;;;;;;;;
VT- IFW;5893;;;;;;;;;;;;;;;;;;;;;;
VT-AMD;4887;;;;;;;;;;;;;;;;;;;;;;
VT-APJ;4346;;;;;;;;;;;;;;;;;;;;;;
VT-ATB;6034;;;;;;;;;;;;;;;;;;;;;;
VT-ATD;10037;;;;;;;;;;;;;;;;;;;;;;
VT-ATE;9525;;;;;;;;;;;;;;;;;;;;;;
VT-ATF;6015;;;;;;;;;;;;;;;;;;;;;;
VT-ATG;10156;;;;;;;;;;;;;;;;;;;;;;
VT-ATH;10415;;;;;;;;;;;;;;;;;;;;;;
VT-ATJ;10520;;;;;;;;;;;;;;;;;;;;;;
VT-ATQ;5430;;;;;;;;;;;;;;;;;;;;;;
VT-AXI;36324;;;;;;;;;;;;;;;;;;;;;;
VT-AXJ;36325;;;;;;;;;;;;;;;;;;;;;;
VT-AXM;36326;;;;;;;;;;;;;;;;;;;;;;
VT-AXN;36327;;;;;;;;;;;;;;;;;;;;;;
VT-AXP;36328;;;;;;;;;;;;;;;;;;;;;;
VT-AXQ;36329;;;;;;;;;;;;;;;;;;;;;;
VT-AXR;36330;;;;;;;;;;;;;;;;;;;;;;
VT-AXT;36331;;;;;;;;;;;;;;;;;;;;;;
VT-AXU;36332;;;;;;;;;;;;;;;;;;;;;;
VT-AXW;36334;;;;;;;;;;;;;;;;;;;;;;
VT-AXX;36335;;;;;;;;;;;;;;;;;;;;;;
VT-AXZ;36336;;;;;;;;;;;;;;;;;;;;;;
VT-AYA;36337;;;;;;;;;;;;;;;;;;;;;;
VT-AYB;36338;;;;;;;;;;;;;;;;;;;;;;
VT-AYC;36339;;;;;;;;;;;;;;;;;;;;;;
VT-AYD;36340;;;;;;;;;;;;;;;;;;;;;;
VT-BKK;4314;;;;;;;;;;;;;;;;;;;;;;
VT-BOM;5007;;;;;;;;;;;;;;;;;;;;;;
VT-CID;7475;;;;;;;;;;;;;;;;;;;;;;
VT-CIE;7526;;;;;;;;;;;;;;;;;;;;;;
VT-CIF;7638;;;;;;;;;;;;;;;;;;;;;;
VT-CIG;7800;;;;;;;;;;;;;;;;;;;;;;
VT-CIH;8030;;;;;;;;;;;;;;;;;;;;;;
VT-CIM;8167;;;;;;;;;;;;;;;;;;;;;;
VT-CIN;8202;;;;;;;;;;;;;;;;;;;;;;
VT-CIO;8226;;;;;;;;;;;;;;;;;;;;;;
VT-CIP;8225;;;;;;;;;;;;;;;;;;;;;;
VT-CIQ;8267;;;;;;;;;;;;;;;;;;;;;;
VT-EDC;4201;;;;;;;;;;;;;;;;;;;;;;
VT-EDD;4212;;;;;;;;;;;;;;;;;;;;;;
VT-EDE;4236;;;;;;;;;;;;;;;;;;;;;;
VT-EDF;4237;;;;;;;;;;;;;;;;;;;;;;
VT-EXA;6446;;;;;;;;;;;;;;;;;;;;;;
VT-EXB;6690;;;;;;;;;;;;;;;;;;;;;;
VT-EXC;6715;;;;;;;;;;;;;;;;;;;;;;
VT-EXD;6724;;;;;;;;;;;;;;;;;;;;;;
VT-EXE;6803;;;;;;;;;;;;;;;;;;;;;;
VT-EXF;7459;;;;;;;;;;;;;;;;;;;;;;
VT-EXG;7568;;;;;;;;;;;;;;;;;;;;;;
VT-EXH;7764;;;;;;;;;;;;;;;;;;;;;;
VT-EXI;7776;;;;;;;;;;;;;;;;;;;;;;
VT-EXJ;7965;;;;;;;;;;;;;;;;;;;;;;
VT-EXK;7930;;;;;;;;;;;;;;;;;;;;;;
VT-EXL;7997;;;;;;;;;;;;;;;;;;;;;;
VT-EXM;8056;;;;;;;;;;;;;;;;;;;;;;
VT-EXN;8486;;;;;;;;;;;;;;;;;;;;;;
VT-EXO;8470;;;;;;;;;;;;;;;;;;;;;;
VT-EXP;8682;;;;;;;;;;;;;;;;;;;;;;
VT-EXQ;8770;;;;;;;;;;;;;;;;;;;;;;
VT-EXR;8917;;;;;;;;;;;;;;;;;;;;;;
VT-EXS;8862;;;;;;;;;;;;;;;;;;;;;;
VT-EXT;7559;;;;;;;;;;;;;;;;;;;;;;
VT-EXU;7616;;;;;;;;;;;;;;;;;;;;;;
VT-EXV;7662;;;;;;;;;;;;;;;;;;;;;;
VT-GHA;60694;;;;;;;;;;;;;;;;;;;;;;
VT-GHB;60695;;;;;;;;;;;;;;;;;;;;;;
VT-GHC;60696;;;;;;;;;;;;;;;;;;;;;;
VT-GHD;60697;;;;;;;;;;;;;;;;;;;;;;
VT-GHE;60698;;;;;;;;;;;;;;;;;;;;;;
VT-GHF;60699;;;;;;;;;;;;;;;;;;;;;;
VT-GHI;43898;;;;;;;;;;;;;;;;;;;;;;
VT-GHK;43902;;;;;;;;;;;;;;;;;;;;;;
VT-GWH;3201;;;;;;;;;;;;;;;;;;;;;;
VT-HKG;4936;;;;;;;;;;;;;;;;;;;;;;
VT-HYD;2612;;;;;;;;;;;;;;;;;;;;;;
VT-IAL;5992;;;;;;;;;;;;;;;;;;;;;;
VT-IDL;5120;;;;;;;;;;;;;;;;;;;;;;
VT-IDQ;2108;;;;;;;;;;;;;;;;;;;;;;
VT-IDX;4399;;;;;;;;;;;;;;;;;;;;;;
VT-IDY;4438;;;;;;;;;;;;;;;;;;;;;;
VT-IEG;4762;;;;;;;;;;;;;;;;;;;;;;
VT-IEI;4813;;;;;;;;;;;;;;;;;;;;;;
VT-IEJ;4818;;;;;;;;;;;;;;;;;;;;;;
VT-IEK;4868;;;;;;;;;;;;;;;;;;;;;;
VT-IEL;4888;;;;;;;;;;;;;;;;;;;;;;
VT-IEN;4954;;;;;;;;;;;;;;;;;;;;;;
VT-IEP;5027;;;;;;;;;;;;;;;;;;;;;;
VT-IEQ;5036;;;;;;;;;;;;;;;;;;;;;;
VT-IER;5076;;;;;;;;;;;;;;;;;;;;;;
VT-IET;5094;;;;;;;;;;;;;;;;;;;;;;
VT-IFC;5291;;;;;;;;;;;;;;;;;;;;;;
VT-IFF;5365;;;;;;;;;;;;;;;;;;;;;;
VT-IFJ;5473;;;;;;;;;;;;;;;;;;;;;;
VT-IFO;5641;;;;;;;;;;;;;;;;;;;;;;
VT-IFT;5744;;;;;;;;;;;;;;;;;;;;;;
VT-IFU;5807;;;;;;;;;;;;;;;;;;;;;;
VT-IFW;5893;;;;;;;;;;;;;;;;;;;;;;
VT-IFX;5898;;;;;;;;;;;;;;;;;;;;;;
VT-IFY;05923;;;;;;;;;;;;;;;;;;;;;;
VT-IHK;2609;;;;;;;;;;;;;;;;;;;;;;
VT-IHL;2626;;;;;;;;;;;;;;;;;;;;;;
VT-IHR;5218;;;;;;;;;;;;;;;;;;;;;;
VT-IMP;3232;;;;;;;;;;;;;;;;;;;;;;
VT-INZ;3943;;;;;;;;;;;;;;;;;;;;;;
VT-ITA;6744;;;;;;;;;;;;;;;;;;;;;;
VT-ITC;6799;;;;;;;;;;;;;;;;;;;;;;
VT-ITD;6819;;;;;;;;;;;;;;;;;;;;;;
VT-ITE;6849;;;;;;;;;;;;;;;;;;;;;;
VT-ITF;6860;;;;;;;;;;;;;;;;;;;;;;
VT-ITG;6868;;;;;;;;;;;;;;;;;;;;;;
VT-ITI;6952;;;;;;;;;;;;;;;;;;;;;;
VT-IXR;3758;;;;;;;;;;;;;;;;;;;;;;
VT-JPR;3536;;;;;;;;;;;;;;;;;;;;;;
VT-JRT;3448;;;;;;;;;;;;;;;;;;;;;;
VT-KOC;3427;;;;;;;;;;;;;;;;;;;;;;
VT-KTM;5716;;;;;;;;;;;;;;;;;;;;;;
VT-KUL;3370;;;;;;;;;;;;;;;;;;;;;;
VT-MAX;60644;;;;;;;;;;;;;;;;;;;;;;
VT-MLE;3306;;;;;;;;;;;;;;;;;;;;;;
VT-MXA;64505;;;;;;;;;;;;;;;;;;;;;;
VT-MXB;64056;;;;;;;;;;;;;;;;;;;;;;
VT-MXC;60645;;;;;;;;;;;;;;;;;;;;;;
VT-MXD;64938;;;;;;;;;;;;;;;;;;;;;;
VT-MXE;64939;;;;;;;;;;;;;;;;;;;;;;
VT-MXF;64507;;;;;;;;;;;;;;;;;;;;;;
VT-MXG;64508;;;;;;;;;;;;;;;;;;;;;;
VT-MXH;60646;;;;;;;;;;;;;;;;;;;;;;
VT-MXI;64940;;;;;;;;;;;;;;;;;;;;;;
VT-MXJ;64509;;;;;;;;;;;;;;;;;;;;;;
VT-MXK;60224;;;;;;;;;;;;;;;;;;;;;;
VT-MXX;60184;;;;;;;;;;;;;;;;;;;;;;
VT-NAG;3750;;;;;;;;;;;;;;;;;;;;;;
VT-PNQ;2842;;;;;;;;;;;;;;;;;;;;;;
VT-PPH;3498;;;;;;;;;;;;;;;;;;;;;;
VT-PPI;3557;;;;;;;;;;;;;;;;;;;;;;
VT-PPJ;3537;;;;;;;;;;;;;;;;;;;;;;
VT-PPK;3619;;;;;;;;;;;;;;;;;;;;;;
VT-PPL;3752;;;;;;;;;;;;;;;;;;;;;;
VT-PPM;3792;;;;;;;;;;;;;;;;;;;;;;
VT-PPO;4002;;;;;;;;;;;;;;;;;;;;;;
VT-PPQ;4009;;;;;;;;;;;;;;;;;;;;;;
VT-PPT;4078;;;;;;;;;;;;;;;;;;;;;;
VT-PPU;4096;;;;;;;;;;;;;;;;;;;;;;
VT-PPV;4138;;;;;;;;;;;;;;;;;;;;;;
VT-PPW;4155;;;;;;;;;;;;;;;;;;;;;;
VT-PPX;4280;;;;;;;;;;;;;;;;;;;;;;
VT-RED;5824;;;;;;;;;;;;;;;;;;;;;;
VT-SCB;2624;;;;;;;;;;;;;;;;;;;;;;
VT-SCC;2629;;;;;;;;;;;;;;;;;;;;;;
VT-SCF;2907;;;;;;;;;;;;;;;;;;;;;;
VT-SCG;3271;;;;;;;;;;;;;;;;;;;;;;
VT-SCH;3288;;;;;;;;;;;;;;;;;;;;;;
VT-SCJ;3305;;;;;;;;;;;;;;;;;;;;;;
VT-SCL;3551;;;;;;;;;;;;;;;;;;;;;;
VT-SCM;3620;;;;;;;;;;;;;;;;;;;;;;
VT-SCN;3687;;;;;;;;;;;;;;;;;;;;;;
VT-SCP;3874;;;;;;;;;;;;;;;;;;;;;;
VT-SCQ;3918;;;;;;;;;;;;;;;;;;;;;;
VT-SCR;3970;;;;;;;;;;;;;;;;;;;;;;
VT-SCS;4020;;;;;;;;;;;;;;;;;;;;;;
VT-SCT;4029;;;;;;;;;;;;;;;;;;;;;;
VT-SCU;4052;;;;;;;;;;;;;;;;;;;;;;
VT-SCV;4089;;;;;;;;;;;;;;;;;;;;;;
VT-SFB;29042;;;;;;;;;;;;;;;;;;;;;;
VT-SFD;30512;;;;;;;;;;;;;;;;;;;;;;
VT-SFE;29084;;;;;;;;;;;;;;;;;;;;;;
VT-SFF;30474;;;;;;;;;;;;;;;;;;;;;;
VT-SFG;30475;;;;;;;;;;;;;;;;;;;;;;
VT-SGG;36368;;;;;;;;;;;;;;;;;;;;;;
VT-SGH;36369;;;;;;;;;;;;;;;;;;;;;;
VT-SGJ;29641;;;;;;;;;;;;;;;;;;;;;;
VT-SGK;33019;;;;;;;;;;;;;;;;;;;;;;
VT-SGQ;37365;;;;;;;;;;;;;;;;;;;;;;
VT-SGV;37362;;;;;;;;;;;;;;;;;;;;;;
VT-SGX;37751;;;;;;;;;;;;;;;;;;;;;;
VT-SGY;37765;;;;;;;;;;;;;;;;;;;;;;
VT-SGZ;39423;;;;;;;;;;;;;;;;;;;;;;
VT-SLA;34759;;;;;;;;;;;;;;;;;;;;;;
VT-SLB;34760;;;;;;;;;;;;;;;;;;;;;;
VT-SLC;34956;;;;;;;;;;;;;;;;;;;;;;
VT-SLD;34957;;;;;;;;;;;;;;;;;;;;;;
VT-SLE;35224;;;;;;;;;;;;;;;;;;;;;;
VT-SLF;33593;;;;;;;;;;;;;;;;;;;;;;
VT-SLG;33594;;;;;;;;;;;;;;;;;;;;;;
VT-SLH;33597;;;;;;;;;;;;;;;;;;;;;;
VT-SLI;35094;;;;;;;;;;;;;;;;;;;;;;
VT-SLJ;34273;;;;;;;;;;;;;;;;;;;;;;
VT-SLL;34274;;;;;;;;;;;;;;;;;;;;;;
VT-SLM;35063;;;;;;;;;;;;;;;;;;;;;;
VT-SLN;35284;;;;;;;;;;;;;;;;;;;;;;
VT-SLO;30721;;;;;;;;;;;;;;;;;;;;;;
VT-SLP;36118;;;;;;;;;;;;;;;;;;;;;;
VT-SPF;34896;;;;;;;;;;;;;;;;;;;;;;
VT-SPK;34898;;;;;;;;;;;;;;;;;;;;;;
VT-SPP;35217;;;;;;;;;;;;;;;;;;;;;;
VT-SPU;34953;;;;;;;;;;;;;;;;;;;;;;
VT-SXA;34804;;;;;;;;;;;;;;;;;;;;;;
VT-SXB;34399;;;;;;;;;;;;;;;;;;;;;;
VT-SXC;34400;;;;;;;;;;;;;;;;;;;;;;
VT-SXD;34801;;;;;;;;;;;;;;;;;;;;;;
VT-SXE;34802;;;;;;;;;;;;;;;;;;;;;;
VT-SYA;34799;;;;;;;;;;;;;;;;;;;;;;
VT-SYB;34800;;;;;;;;;;;;;;;;;;;;;;
VT-SYC;35082;;;;;;;;;;;;;;;;;;;;;;
VT-SYD;35099;;;;;;;;;;;;;;;;;;;;;;
VT-SYE;35106;;;;;;;;;;;;;;;;;;;;;;
VT-SYF;34797;;;;;;;;;;;;;;;;;;;;;;
VT-SYG;34798;;;;;;;;;;;;;;;;;;;;;;
VT-SYH;42799;;;;;;;;;;;;;;;;;;;;;;
VT-SYI;33555;;;;;;;;;;;;;;;;;;;;;;
VT-SYJ;33556;;;;;;;;;;;;;;;;;;;;;;
VT-SYK;30410;;;;;;;;;;;;;;;;;;;;;;
VT-SYL;30412;;;;;;;;;;;;;;;;;;;;;;
VT-SYM;29685;;;;;;;;;;;;;;;;;;;;;;
VT-SYN;42804;;;;;;;;;;;;;;;;;;;;;;
VT-SYO;33025;;;;;;;;;;;;;;;;;;;;;;
VT-SYP;33026;;;;;;;;;;;;;;;;;;;;;;
VT-SYQ;39057;;;;;;;;;;;;;;;;;;;;;;
VT-SYR;39062;;;;;;;;;;;;;;;;;;;;;;
VT-SYS;39064;;;;;;;;;;;;;;;;;;;;;;
VT-SYT;34805;;;;;;;;;;;;;;;;;;;;;;
VT-SYU;34806;;;;;;;;;;;;;;;;;;;;;;
VT-SYV;38030;;;;;;;;;;;;;;;;;;;;;;
VT-SYW;36694;;;;;;;;;;;;;;;;;;;;;;
VT-SYX;36695;;;;;;;;;;;;;;;;;;;;;;
VT-SYY;36698;;;;;;;;;;;;;;;;;;;;;;
VT-SYZ;34803;;;;;;;;;;;;;;;;;;;;;;
VT-SZA;39424;;;;;;;;;;;;;;;;;;;;;;
VT-SZB;39427;;;;;;;;;;;;;;;;;;;;;;
VT-SZI;37364;;;;;;;;;;;;;;;;;;;;;;
VT-SZJ;41397;;;;;;;;;;;;;;;;;;;;;;
VT-SZK;41398;;;;;;;;;;;;;;;;;;;;;;
VT-SZL;34961;;;;;;;;;;;;;;;;;;;;;;
VT-SZM;37772;;;;;;;;;;;;;;;;;;;;;;
VT-SZN;41435;;;;;;;;;;;;;;;;;;;;;;
VT-TGA;39053;;;;;;;;;;;;;;;;;;;;;;
VT-TGB;39058;;;;;;;;;;;;;;;;;;;;;;
VT-TGC;39069;;;;;;;;;;;;;;;;;;;;;;
VT-TGD;37960;;;;;;;;;;;;;;;;;;;;;;
VT-TGE;39061;;;;;;;;;;;;;;;;;;;;;;
VT-TGF;42805;;;;;;;;;;;;;;;;;;;;;;
VT-TGG;39065;;;;;;;;;;;;;;;;;;;;;;
VT-TGH;39066;;;;;;;;;;;;;;;;;;;;;;
VT-TGI;39401;;;;;;;;;;;;;;;;;;;;;;
VT-TTJ;6865;;;;;;;;;;;;;;;;;;;;;;
VT-TTK;7100;;;;;;;;;;;;;;;;;;;;;;
VT-TTL;7163;;;;;;;;;;;;;;;;;;;;;;
VT-TTN;7347;;;;;;;;;;;;;;;;;;;;;;
VT-VJO;939;;;;;;;;;;;;;;;;;;;;;;
VT-VNS;6178;;;;;;;;;;;;;;;;;;;;;;
VT-VTZ;4379;;;;;;;;;;;;;;;;;;;;;;
YA-CAQ;0496;;;;;;;;;;;;;;;;;;;;;;
YA-CAV;0497;;;;;;;;;;;;;;;;;;;;;;
YA-FGA;29074;;;;;;;;;;;;;;;;;;;;;;
YA-KMH;0387;;;;;;;;;;;;;;;;;;;;;;
YA-KMU;0302;;;;;;;;;;;;;;;;;;;;;;
YA-PIC;26088;;;;;;;;;;;;;;;;;;;;;;
YA-PID;26085;;;;;;;;;;;;;;;;;;;;;;
YI-AQM;26235;;;;;;;;;;;;;;;;;;;;;;
YI-AQY;1339;;;;;;;;;;;;;;;;;;;;;;
YI-AQZ;40993;;;;;;;;;;;;;;;;;;;;;;
YI-ARB;5290;;;;;;;;;;;;;;;;;;;;;;
YI-BAF;35064;;;;;;;;;;;;;;;;;;;;;;
YR-ASA;2931;;;;;;;;;;;;;;;;;;;;;;
YR-ASB;2955;;;;;;;;;;;;;;;;;;;;;;
YR-ASC;3220;;;;;;;;;;;;;;;;;;;;;;
YR-ASD;3225;;;;;;;;;;;;;;;;;;;;;;
YU-APB;2296;;;;;;;;;;;;;;;;;;;;;;
YU-ARA;885;;;;;;;;;;;;;;;;;;;;;;
ZA-ASM;3676;;;;;;;;;;;;;;;;;;;;;;
ZA-BBC;3567;;;;;;;;;;;;;;;;;;;;;;
ZA-BEL;3142;;;;;;;;;;;;;;;;;;;;;;
ZA-MMK;4934;;;;;;;;;;;;;;;;;;;;;;
